Tr,a,i,j,k,t,e 
0,1,1,1,1,1,1 
0,1,1,1,1,1,2 
0,1,1,1,1,1,3 
0,1,1,1,1,1,4 
0,1,1,1,1,1,5 
0,1,1,1,1,1,6 
0,1,1,1,1,1,7 
819,1,1,1,1,1,8 
0,1,1,1,1,1,9 
0,1,1,1,1,1,10 
0,1,1,1,1,1,11 
0,1,1,1,1,1,12 
0,1,1,1,1,1,13 
0,1,1,1,1,1,14 
0,1,1,1,1,1,15 
0,2,1,1,1,1,1 
143783,2,1,1,1,1,2 
0,2,1,1,1,1,3 
8481,2,1,1,1,1,4 
0,2,1,1,1,1,5 
0,2,1,1,1,1,6 
0,2,1,1,1,1,7 
0,2,1,1,1,1,8 
0,2,1,1,1,1,9 
0,2,1,1,1,1,10 
0,2,1,1,1,1,11 
0,2,1,1,1,1,12 
0,2,1,1,1,1,13 
0,2,1,1,1,1,14 
0,2,1,1,1,1,15 
0,3,1,1,1,1,1 
0,3,1,1,1,1,2 
0,3,1,1,1,1,3 
22364,3,1,1,1,1,4 
0,3,1,1,1,1,5 
0,3,1,1,1,1,6 
0,3,1,1,1,1,7 
0,3,1,1,1,1,8 
0,3,1,1,1,1,9 
0,3,1,1,1,1,10 
48240,3,1,1,1,1,11 
0,3,1,1,1,1,12 
0,3,1,1,1,1,13 
0,3,1,1,1,1,14 
0,3,1,1,1,1,15 
0,4,1,1,1,1,1 
0,4,1,1,1,1,2 
0,4,1,1,1,1,3 
0,4,1,1,1,1,4 
0,4,1,1,1,1,5 
0,4,1,1,1,1,6 
0,4,1,1,1,1,7 
18999,4,1,1,1,1,8 
0,4,1,1,1,1,9 
0,4,1,1,1,1,10 
6321,4,1,1,1,1,11 
0,4,1,1,1,1,12 
0,4,1,1,1,1,13 
0,4,1,1,1,1,14 
0,4,1,1,1,1,15 
0,5,1,1,1,1,1 
752,5,1,1,1,1,2 
0,5,1,1,1,1,3 
20940,5,1,1,1,1,4 
0,5,1,1,1,1,5 
0,5,1,1,1,1,6 
0,5,1,1,1,1,7 
0,5,1,1,1,1,8 
0,5,1,1,1,1,9 
0,5,1,1,1,1,10 
0,5,1,1,1,1,11 
0,5,1,1,1,1,12 
0,5,1,1,1,1,13 
0,5,1,1,1,1,14 
0,5,1,1,1,1,15 
0,6,1,1,1,1,1 
0,6,1,1,1,1,2 
0,6,1,1,1,1,3 
61624,6,1,1,1,1,4 
0,6,1,1,1,1,5 
0,6,1,1,1,1,6 
0,6,1,1,1,1,7 
0,6,1,1,1,1,8 
0,6,1,1,1,1,9 
0,6,1,1,1,1,10 
0,6,1,1,1,1,11 
0,6,1,1,1,1,12 
0,6,1,1,1,1,13 
0,6,1,1,1,1,14 
0,6,1,1,1,1,15 
0,7,1,1,1,1,1 
0,7,1,1,1,1,2 
0,7,1,1,1,1,3 
24179,7,1,1,1,1,4 
0,7,1,1,1,1,5 
0,7,1,1,1,1,6 
0,7,1,1,1,1,7 
0,7,1,1,1,1,8 
0,7,1,1,1,1,9 
0,7,1,1,1,1,10 
0,7,1,1,1,1,11 
0,7,1,1,1,1,12 
0,7,1,1,1,1,13 
0,7,1,1,1,1,14 
0,7,1,1,1,1,15 
0,8,1,1,1,1,1 
16785,8,1,1,1,1,2 
0,8,1,1,1,1,3 
0,8,1,1,1,1,4 
0,8,1,1,1,1,5 
0,8,1,1,1,1,6 
0,8,1,1,1,1,7 
0,8,1,1,1,1,8 
0,8,1,1,1,1,9 
0,8,1,1,1,1,10 
0,8,1,1,1,1,11 
0,8,1,1,1,1,12 
0,8,1,1,1,1,13 
0,8,1,1,1,1,14 
0,8,1,1,1,1,15 
0,9,1,1,1,1,1 
0,9,1,1,1,1,2 
0,9,1,1,1,1,3 
0,9,1,1,1,1,4 
0,9,1,1,1,1,5 
0,9,1,1,1,1,6 
0,9,1,1,1,1,7 
0,9,1,1,1,1,8 
0,9,1,1,1,1,9 
0,9,1,1,1,1,10 
16940,9,1,1,1,1,11 
0,9,1,1,1,1,12 
0,9,1,1,1,1,13 
0,9,1,1,1,1,14 
0,9,1,1,1,1,15 
0,10,1,1,1,1,1 
0,10,1,1,1,1,2 
0,10,1,1,1,1,3 
0,10,1,1,1,1,4 
0,10,1,1,1,1,5 
0,10,1,1,1,1,6 
0,10,1,1,1,1,7 
17271,10,1,1,1,1,8 
0,10,1,1,1,1,9 
0,10,1,1,1,1,10 
0,10,1,1,1,1,11 
0,10,1,1,1,1,12 
0,10,1,1,1,1,13 
0,10,1,1,1,1,14 
0,10,1,1,1,1,15 
0,1,2,1,1,10,1 
0,1,2,1,1,10,2 
0,1,2,1,1,10,3 
0,1,2,1,1,10,4 
0,1,2,1,1,10,5 
0,1,2,1,1,10,6 
0,1,2,1,1,10,7 
0,1,2,1,1,10,8 
414,1,2,1,1,10,9 
0,1,2,1,1,10,10 
0,1,2,1,1,10,11 
0,1,2,1,1,10,12 
0,1,2,1,1,10,13 
0,1,2,1,1,10,14 
0,1,2,1,1,10,15 
0,2,2,1,1,10,1 
0,2,2,1,1,10,2 
1658,2,2,1,1,10,3 
0,2,2,1,1,10,4 
0,2,2,1,1,10,5 
0,2,2,1,1,10,6 
0,2,2,1,1,10,7 
0,2,2,1,1,10,8 
0,2,2,1,1,10,9 
0,2,2,1,1,10,10 
0,2,2,1,1,10,11 
0,2,2,1,1,10,12 
0,2,2,1,1,10,13 
0,2,2,1,1,10,14 
0,2,2,1,1,10,15 
0,3,2,1,1,10,1 
0,3,2,1,1,10,2 
0,3,2,1,1,10,3 
0,3,2,1,1,10,4 
0,3,2,1,1,10,5 
0,3,2,1,1,10,6 
0,3,2,1,1,10,7 
0,3,2,1,1,10,8 
6771,3,2,1,1,10,9 
0,3,2,1,1,10,10 
0,3,2,1,1,10,11 
0,3,2,1,1,10,12 
0,3,2,1,1,10,13 
0,3,2,1,1,10,14 
0,3,2,1,1,10,15 
5387,4,2,1,1,10,1 
0,4,2,1,1,10,2 
0,4,2,1,1,10,3 
0,4,2,1,1,10,4 
0,4,2,1,1,10,5 
0,4,2,1,1,10,6 
0,4,2,1,1,10,7 
0,4,2,1,1,10,8 
0,4,2,1,1,10,9 
0,4,2,1,1,10,10 
0,4,2,1,1,10,11 
0,4,2,1,1,10,12 
0,4,2,1,1,10,13 
0,4,2,1,1,10,14 
0,4,2,1,1,10,15 
7876,5,2,1,1,10,1 
0,5,2,1,1,10,2 
0,5,2,1,1,10,3 
0,5,2,1,1,10,4 
0,5,2,1,1,10,5 
0,5,2,1,1,10,6 
0,5,2,1,1,10,7 
0,5,2,1,1,10,8 
0,5,2,1,1,10,9 
0,5,2,1,1,10,10 
0,5,2,1,1,10,11 
0,5,2,1,1,10,12 
0,5,2,1,1,10,13 
0,5,2,1,1,10,14 
0,5,2,1,1,10,15 
3597,6,2,1,1,10,1 
0,6,2,1,1,10,2 
1930,6,2,1,1,10,3 
0,6,2,1,1,10,4 
0,6,2,1,1,10,5 
0,6,2,1,1,10,6 
0,6,2,1,1,10,7 
0,6,2,1,1,10,8 
0,6,2,1,1,10,9 
0,6,2,1,1,10,10 
0,6,2,1,1,10,11 
0,6,2,1,1,10,12 
0,6,2,1,1,10,13 
0,6,2,1,1,10,14 
0,6,2,1,1,10,15 
6494,7,2,1,1,10,1 
0,7,2,1,1,10,2 
0,7,2,1,1,10,3 
0,7,2,1,1,10,4 
0,7,2,1,1,10,5 
0,7,2,1,1,10,6 
0,7,2,1,1,10,7 
0,7,2,1,1,10,8 
0,7,2,1,1,10,9 
0,7,2,1,1,10,10 
0,7,2,1,1,10,11 
0,7,2,1,1,10,12 
0,7,2,1,1,10,13 
0,7,2,1,1,10,14 
0,7,2,1,1,10,15 
0,8,2,1,1,10,1 
0,8,2,1,1,10,2 
10802,8,2,1,1,10,3 
0,8,2,1,1,10,4 
0,8,2,1,1,10,5 
0,8,2,1,1,10,6 
0,8,2,1,1,10,7 
0,8,2,1,1,10,8 
4444,8,2,1,1,10,9 
0,8,2,1,1,10,10 
0,8,2,1,1,10,11 
0,8,2,1,1,10,12 
12499,8,2,1,1,10,13 
0,8,2,1,1,10,14 
0,8,2,1,1,10,15 
9724,9,2,1,1,10,1 
0,9,2,1,1,10,2 
0,9,2,1,1,10,3 
0,9,2,1,1,10,4 
0,9,2,1,1,10,5 
0,9,2,1,1,10,6 
0,9,2,1,1,10,7 
0,9,2,1,1,10,8 
11416,9,2,1,1,10,9 
0,9,2,1,1,10,10 
0,9,2,1,1,10,11 
0,9,2,1,1,10,12 
0,9,2,1,1,10,13 
0,9,2,1,1,10,14 
0,9,2,1,1,10,15 
0,10,2,1,1,10,1 
0,10,2,1,1,10,2 
0,10,2,1,1,10,3 
0,10,2,1,1,10,4 
0,10,2,1,1,10,5 
0,10,2,1,1,10,6 
0,10,2,1,1,10,7 
0,10,2,1,1,10,8 
3178,10,2,1,1,10,9 
0,10,2,1,1,10,10 
0,10,2,1,1,10,11 
0,10,2,1,1,10,12 
0,10,2,1,1,10,13 
0,10,2,1,1,10,14 
0,10,2,1,1,10,15 
0,1,3,1,1,10,1 
0,1,3,1,1,10,2 
0,1,3,1,1,10,3 
0,1,3,1,1,10,4 
0,1,3,1,1,10,5 
0,1,3,1,1,10,6 
12988,1,3,1,1,10,7 
0,1,3,1,1,10,8 
0,1,3,1,1,10,9 
0,1,3,1,1,10,10 
0,1,3,1,1,10,11 
0,1,3,1,1,10,12 
0,1,3,1,1,10,13 
0,1,3,1,1,10,14 
0,1,3,1,1,10,15 
0,2,3,1,1,10,1 
0,2,3,1,1,10,2 
0,2,3,1,1,10,3 
0,2,3,1,1,10,4 
4006,2,3,1,1,10,5 
0,2,3,1,1,10,6 
0,2,3,1,1,10,7 
0,2,3,1,1,10,8 
0,2,3,1,1,10,9 
0,2,3,1,1,10,10 
0,2,3,1,1,10,11 
0,2,3,1,1,10,12 
0,2,3,1,1,10,13 
0,2,3,1,1,10,14 
0,2,3,1,1,10,15 
0,3,3,1,1,10,1 
0,3,3,1,1,10,2 
0,3,3,1,1,10,3 
0,3,3,1,1,10,4 
15045,3,3,1,1,10,5 
0,3,3,1,1,10,6 
0,3,3,1,1,10,7 
0,3,3,1,1,10,8 
0,3,3,1,1,10,9 
0,3,3,1,1,10,10 
0,3,3,1,1,10,11 
0,3,3,1,1,10,12 
0,3,3,1,1,10,13 
13694,3,3,1,1,10,14 
0,3,3,1,1,10,15 
0,4,3,1,1,10,1 
0,4,3,1,1,10,2 
0,4,3,1,1,10,3 
0,4,3,1,1,10,4 
0,4,3,1,1,10,5 
0,4,3,1,1,10,6 
0,4,3,1,1,10,7 
0,4,3,1,1,10,8 
0,4,3,1,1,10,9 
0,4,3,1,1,10,10 
0,4,3,1,1,10,11 
0,4,3,1,1,10,12 
0,4,3,1,1,10,13 
5942,4,3,1,1,10,14 
0,4,3,1,1,10,15 
0,5,3,1,1,10,1 
0,5,3,1,1,10,2 
0,5,3,1,1,10,3 
0,5,3,1,1,10,4 
0,5,3,1,1,10,5 
0,5,3,1,1,10,6 
1244,5,3,1,1,10,7 
0,5,3,1,1,10,8 
0,5,3,1,1,10,9 
0,5,3,1,1,10,10 
0,5,3,1,1,10,11 
0,5,3,1,1,10,12 
0,5,3,1,1,10,13 
0,5,3,1,1,10,14 
0,5,3,1,1,10,15 
0,6,3,1,1,10,1 
0,6,3,1,1,10,2 
0,6,3,1,1,10,3 
0,6,3,1,1,10,4 
0,6,3,1,1,10,5 
0,6,3,1,1,10,6 
4974,6,3,1,1,10,7 
0,6,3,1,1,10,8 
0,6,3,1,1,10,9 
0,6,3,1,1,10,10 
0,6,3,1,1,10,11 
0,6,3,1,1,10,12 
0,6,3,1,1,10,13 
0,6,3,1,1,10,14 
0,6,3,1,1,10,15 
0,7,3,1,1,10,1 
0,7,3,1,1,10,2 
0,7,3,1,1,10,3 
0,7,3,1,1,10,4 
0,7,3,1,1,10,5 
0,7,3,1,1,10,6 
0,7,3,1,1,10,7 
0,7,3,1,1,10,8 
0,7,3,1,1,10,9 
0,7,3,1,1,10,10 
0,7,3,1,1,10,11 
25000,7,3,1,1,10,12 
0,7,3,1,1,10,13 
9820,7,3,1,1,10,14 
0,7,3,1,1,10,15 
0,8,3,1,1,10,1 
0,8,3,1,1,10,2 
0,8,3,1,1,10,3 
0,8,3,1,1,10,4 
64,8,3,1,1,10,5 
0,8,3,1,1,10,6 
0,8,3,1,1,10,7 
0,8,3,1,1,10,8 
0,8,3,1,1,10,9 
0,8,3,1,1,10,10 
0,8,3,1,1,10,11 
0,8,3,1,1,10,12 
0,8,3,1,1,10,13 
0,8,3,1,1,10,14 
0,8,3,1,1,10,15 
0,9,3,1,1,10,1 
0,9,3,1,1,10,2 
0,9,3,1,1,10,3 
0,9,3,1,1,10,4 
0,9,3,1,1,10,5 
0,9,3,1,1,10,6 
12232,9,3,1,1,10,7 
0,9,3,1,1,10,8 
0,9,3,1,1,10,9 
0,9,3,1,1,10,10 
0,9,3,1,1,10,11 
0,9,3,1,1,10,12 
0,9,3,1,1,10,13 
0,9,3,1,1,10,14 
0,9,3,1,1,10,15 
0,10,3,1,1,10,1 
0,10,3,1,1,10,2 
0,10,3,1,1,10,3 
0,10,3,1,1,10,4 
6407,10,3,1,1,10,5 
0,10,3,1,1,10,6 
7310,10,3,1,1,10,7 
0,10,3,1,1,10,8 
0,10,3,1,1,10,9 
0,10,3,1,1,10,10 
0,10,3,1,1,10,11 
0,10,3,1,1,10,12 
0,10,3,1,1,10,13 
0,10,3,1,1,10,14 
0,10,3,1,1,10,15 
0,1,1,1,1,2,1 
0,1,1,1,1,2,2 
0,1,1,1,1,2,3 
0,1,1,1,1,2,4 
0,1,1,1,1,2,5 
0,1,1,1,1,2,6 
0,1,1,1,1,2,7 
0,1,1,1,1,2,8 
0,1,1,1,1,2,9 
0,1,1,1,1,2,10 
0,1,1,1,1,2,11 
0,1,1,1,1,2,12 
0,1,1,1,1,2,13 
0,1,1,1,1,2,14 
1638,1,1,1,1,2,15 
0,2,1,1,1,2,1 
0,2,1,1,1,2,2 
0,2,1,1,1,2,3 
0,2,1,1,1,2,4 
0,2,1,1,1,2,5 
0,2,1,1,1,2,6 
0,2,1,1,1,2,7 
0,2,1,1,1,2,8 
152265,2,1,1,1,2,9 
0,2,1,1,1,2,10 
0,2,1,1,1,2,11 
0,2,1,1,1,2,12 
0,2,1,1,1,2,13 
0,2,1,1,1,2,14 
0,2,1,1,1,2,15 
0,3,1,1,1,2,1 
0,3,1,1,1,2,2 
0,3,1,1,1,2,3 
0,3,1,1,1,2,4 
0,3,1,1,1,2,5 
70605,3,1,1,1,2,6 
0,3,1,1,1,2,7 
0,3,1,1,1,2,8 
0,3,1,1,1,2,9 
0,3,1,1,1,2,10 
0,3,1,1,1,2,11 
0,3,1,1,1,2,12 
0,3,1,1,1,2,13 
0,3,1,1,1,2,14 
0,3,1,1,1,2,15 
0,4,1,1,1,2,1 
0,4,1,1,1,2,2 
10269,4,1,1,1,2,3 
0,4,1,1,1,2,4 
0,4,1,1,1,2,5 
0,4,1,1,1,2,6 
0,4,1,1,1,2,7 
0,4,1,1,1,2,8 
0,4,1,1,1,2,9 
0,4,1,1,1,2,10 
0,4,1,1,1,2,11 
0,4,1,1,1,2,12 
0,4,1,1,1,2,13 
0,4,1,1,1,2,14 
18180,4,1,1,1,2,15 
0,5,1,1,1,2,1 
0,5,1,1,1,2,2 
0,5,1,1,1,2,3 
0,5,1,1,1,2,4 
0,5,1,1,1,2,5 
21693,5,1,1,1,2,6 
0,5,1,1,1,2,7 
0,5,1,1,1,2,8 
0,5,1,1,1,2,9 
0,5,1,1,1,2,10 
0,5,1,1,1,2,11 
0,5,1,1,1,2,12 
0,5,1,1,1,2,13 
0,5,1,1,1,2,14 
0,5,1,1,1,2,15 
0,6,1,1,1,2,1 
0,6,1,1,1,2,2 
24060,6,1,1,1,2,3 
0,6,1,1,1,2,4 
0,6,1,1,1,2,5 
26762,6,1,1,1,2,6 
0,6,1,1,1,2,7 
0,6,1,1,1,2,8 
10801,6,1,1,1,2,9 
0,6,1,1,1,2,10 
0,6,1,1,1,2,11 
0,6,1,1,1,2,12 
0,6,1,1,1,2,13 
0,6,1,1,1,2,14 
0,6,1,1,1,2,15 
0,7,1,1,1,2,1 
0,7,1,1,1,2,2 
24180,7,1,1,1,2,3 
0,7,1,1,1,2,4 
0,7,1,1,1,2,5 
0,7,1,1,1,2,6 
0,7,1,1,1,2,7 
0,7,1,1,1,2,8 
0,7,1,1,1,2,9 
0,7,1,1,1,2,10 
0,7,1,1,1,2,11 
0,7,1,1,1,2,12 
0,7,1,1,1,2,13 
0,7,1,1,1,2,14 
0,7,1,1,1,2,15 
0,8,1,1,1,2,1 
0,8,1,1,1,2,2 
0,8,1,1,1,2,3 
0,8,1,1,1,2,4 
0,8,1,1,1,2,5 
16786,8,1,1,1,2,6 
0,8,1,1,1,2,7 
0,8,1,1,1,2,8 
0,8,1,1,1,2,9 
0,8,1,1,1,2,10 
0,8,1,1,1,2,11 
0,8,1,1,1,2,12 
0,8,1,1,1,2,13 
0,8,1,1,1,2,14 
0,8,1,1,1,2,15 
0,9,1,1,1,2,1 
0,9,1,1,1,2,2 
16940,9,1,1,1,2,3 
0,9,1,1,1,2,4 
0,9,1,1,1,2,5 
0,9,1,1,1,2,6 
0,9,1,1,1,2,7 
0,9,1,1,1,2,8 
0,9,1,1,1,2,9 
0,9,1,1,1,2,10 
0,9,1,1,1,2,11 
0,9,1,1,1,2,12 
0,9,1,1,1,2,13 
0,9,1,1,1,2,14 
0,9,1,1,1,2,15 
0,10,1,1,1,2,1 
0,10,1,1,1,2,2 
0,10,1,1,1,2,3 
0,10,1,1,1,2,4 
0,10,1,1,1,2,5 
0,10,1,1,1,2,6 
0,10,1,1,1,2,7 
0,10,1,1,1,2,8 
0,10,1,1,1,2,9 
0,10,1,1,1,2,10 
0,10,1,1,1,2,11 
0,10,1,1,1,2,12 
0,10,1,1,1,2,13 
0,10,1,1,1,2,14 
17271,10,1,1,1,2,15 
0,1,2,1,1,10,1 
0,1,2,1,1,10,2 
0,1,2,1,1,10,3 
0,1,2,1,1,10,4 
0,1,2,1,1,10,5 
0,1,2,1,1,10,6 
0,1,2,1,1,10,7 
0,1,2,1,1,10,8 
414,1,2,1,1,10,9 
0,1,2,1,1,10,10 
0,1,2,1,1,10,11 
0,1,2,1,1,10,12 
0,1,2,1,1,10,13 
0,1,2,1,1,10,14 
0,1,2,1,1,10,15 
0,2,2,1,1,10,1 
0,2,2,1,1,10,2 
1658,2,2,1,1,10,3 
0,2,2,1,1,10,4 
0,2,2,1,1,10,5 
0,2,2,1,1,10,6 
0,2,2,1,1,10,7 
0,2,2,1,1,10,8 
0,2,2,1,1,10,9 
0,2,2,1,1,10,10 
0,2,2,1,1,10,11 
0,2,2,1,1,10,12 
0,2,2,1,1,10,13 
0,2,2,1,1,10,14 
0,2,2,1,1,10,15 
0,3,2,1,1,10,1 
0,3,2,1,1,10,2 
0,3,2,1,1,10,3 
0,3,2,1,1,10,4 
0,3,2,1,1,10,5 
0,3,2,1,1,10,6 
0,3,2,1,1,10,7 
0,3,2,1,1,10,8 
6771,3,2,1,1,10,9 
0,3,2,1,1,10,10 
0,3,2,1,1,10,11 
0,3,2,1,1,10,12 
0,3,2,1,1,10,13 
0,3,2,1,1,10,14 
0,3,2,1,1,10,15 
5387,4,2,1,1,10,1 
0,4,2,1,1,10,2 
0,4,2,1,1,10,3 
0,4,2,1,1,10,4 
0,4,2,1,1,10,5 
0,4,2,1,1,10,6 
0,4,2,1,1,10,7 
0,4,2,1,1,10,8 
0,4,2,1,1,10,9 
0,4,2,1,1,10,10 
0,4,2,1,1,10,11 
0,4,2,1,1,10,12 
0,4,2,1,1,10,13 
0,4,2,1,1,10,14 
0,4,2,1,1,10,15 
7876,5,2,1,1,10,1 
0,5,2,1,1,10,2 
0,5,2,1,1,10,3 
0,5,2,1,1,10,4 
0,5,2,1,1,10,5 
0,5,2,1,1,10,6 
0,5,2,1,1,10,7 
0,5,2,1,1,10,8 
0,5,2,1,1,10,9 
0,5,2,1,1,10,10 
0,5,2,1,1,10,11 
0,5,2,1,1,10,12 
0,5,2,1,1,10,13 
0,5,2,1,1,10,14 
0,5,2,1,1,10,15 
3597,6,2,1,1,10,1 
0,6,2,1,1,10,2 
1930,6,2,1,1,10,3 
0,6,2,1,1,10,4 
0,6,2,1,1,10,5 
0,6,2,1,1,10,6 
0,6,2,1,1,10,7 
0,6,2,1,1,10,8 
0,6,2,1,1,10,9 
0,6,2,1,1,10,10 
0,6,2,1,1,10,11 
0,6,2,1,1,10,12 
0,6,2,1,1,10,13 
0,6,2,1,1,10,14 
0,6,2,1,1,10,15 
6494,7,2,1,1,10,1 
0,7,2,1,1,10,2 
0,7,2,1,1,10,3 
0,7,2,1,1,10,4 
0,7,2,1,1,10,5 
0,7,2,1,1,10,6 
0,7,2,1,1,10,7 
0,7,2,1,1,10,8 
0,7,2,1,1,10,9 
0,7,2,1,1,10,10 
0,7,2,1,1,10,11 
0,7,2,1,1,10,12 
0,7,2,1,1,10,13 
0,7,2,1,1,10,14 
0,7,2,1,1,10,15 
0,8,2,1,1,10,1 
0,8,2,1,1,10,2 
10802,8,2,1,1,10,3 
0,8,2,1,1,10,4 
0,8,2,1,1,10,5 
0,8,2,1,1,10,6 
0,8,2,1,1,10,7 
0,8,2,1,1,10,8 
4444,8,2,1,1,10,9 
0,8,2,1,1,10,10 
0,8,2,1,1,10,11 
0,8,2,1,1,10,12 
12499,8,2,1,1,10,13 
0,8,2,1,1,10,14 
0,8,2,1,1,10,15 
9724,9,2,1,1,10,1 
0,9,2,1,1,10,2 
0,9,2,1,1,10,3 
0,9,2,1,1,10,4 
0,9,2,1,1,10,5 
0,9,2,1,1,10,6 
0,9,2,1,1,10,7 
0,9,2,1,1,10,8 
11416,9,2,1,1,10,9 
0,9,2,1,1,10,10 
0,9,2,1,1,10,11 
0,9,2,1,1,10,12 
0,9,2,1,1,10,13 
0,9,2,1,1,10,14 
0,9,2,1,1,10,15 
0,10,2,1,1,10,1 
0,10,2,1,1,10,2 
0,10,2,1,1,10,3 
0,10,2,1,1,10,4 
0,10,2,1,1,10,5 
0,10,2,1,1,10,6 
0,10,2,1,1,10,7 
0,10,2,1,1,10,8 
3178,10,2,1,1,10,9 
0,10,2,1,1,10,10 
0,10,2,1,1,10,11 
0,10,2,1,1,10,12 
0,10,2,1,1,10,13 
0,10,2,1,1,10,14 
0,10,2,1,1,10,15 
0,1,3,1,1,10,1 
0,1,3,1,1,10,2 
0,1,3,1,1,10,3 
0,1,3,1,1,10,4 
0,1,3,1,1,10,5 
0,1,3,1,1,10,6 
12988,1,3,1,1,10,7 
0,1,3,1,1,10,8 
0,1,3,1,1,10,9 
0,1,3,1,1,10,10 
0,1,3,1,1,10,11 
0,1,3,1,1,10,12 
0,1,3,1,1,10,13 
0,1,3,1,1,10,14 
0,1,3,1,1,10,15 
0,2,3,1,1,10,1 
0,2,3,1,1,10,2 
0,2,3,1,1,10,3 
0,2,3,1,1,10,4 
4006,2,3,1,1,10,5 
0,2,3,1,1,10,6 
0,2,3,1,1,10,7 
0,2,3,1,1,10,8 
0,2,3,1,1,10,9 
0,2,3,1,1,10,10 
0,2,3,1,1,10,11 
0,2,3,1,1,10,12 
0,2,3,1,1,10,13 
0,2,3,1,1,10,14 
0,2,3,1,1,10,15 
0,3,3,1,1,10,1 
0,3,3,1,1,10,2 
0,3,3,1,1,10,3 
0,3,3,1,1,10,4 
15045,3,3,1,1,10,5 
0,3,3,1,1,10,6 
0,3,3,1,1,10,7 
0,3,3,1,1,10,8 
0,3,3,1,1,10,9 
0,3,3,1,1,10,10 
0,3,3,1,1,10,11 
0,3,3,1,1,10,12 
0,3,3,1,1,10,13 
13694,3,3,1,1,10,14 
0,3,3,1,1,10,15 
0,4,3,1,1,10,1 
0,4,3,1,1,10,2 
0,4,3,1,1,10,3 
0,4,3,1,1,10,4 
0,4,3,1,1,10,5 
0,4,3,1,1,10,6 
0,4,3,1,1,10,7 
0,4,3,1,1,10,8 
0,4,3,1,1,10,9 
0,4,3,1,1,10,10 
0,4,3,1,1,10,11 
0,4,3,1,1,10,12 
0,4,3,1,1,10,13 
5942,4,3,1,1,10,14 
0,4,3,1,1,10,15 
0,5,3,1,1,10,1 
0,5,3,1,1,10,2 
0,5,3,1,1,10,3 
0,5,3,1,1,10,4 
0,5,3,1,1,10,5 
0,5,3,1,1,10,6 
1244,5,3,1,1,10,7 
0,5,3,1,1,10,8 
0,5,3,1,1,10,9 
0,5,3,1,1,10,10 
0,5,3,1,1,10,11 
0,5,3,1,1,10,12 
0,5,3,1,1,10,13 
0,5,3,1,1,10,14 
0,5,3,1,1,10,15 
0,6,3,1,1,10,1 
0,6,3,1,1,10,2 
0,6,3,1,1,10,3 
0,6,3,1,1,10,4 
0,6,3,1,1,10,5 
0,6,3,1,1,10,6 
4974,6,3,1,1,10,7 
0,6,3,1,1,10,8 
0,6,3,1,1,10,9 
0,6,3,1,1,10,10 
0,6,3,1,1,10,11 
0,6,3,1,1,10,12 
0,6,3,1,1,10,13 
0,6,3,1,1,10,14 
0,6,3,1,1,10,15 
0,7,3,1,1,10,1 
0,7,3,1,1,10,2 
0,7,3,1,1,10,3 
0,7,3,1,1,10,4 
0,7,3,1,1,10,5 
0,7,3,1,1,10,6 
0,7,3,1,1,10,7 
0,7,3,1,1,10,8 
0,7,3,1,1,10,9 
0,7,3,1,1,10,10 
0,7,3,1,1,10,11 
25000,7,3,1,1,10,12 
0,7,3,1,1,10,13 
9820,7,3,1,1,10,14 
0,7,3,1,1,10,15 
0,8,3,1,1,10,1 
0,8,3,1,1,10,2 
0,8,3,1,1,10,3 
0,8,3,1,1,10,4 
64,8,3,1,1,10,5 
0,8,3,1,1,10,6 
0,8,3,1,1,10,7 
0,8,3,1,1,10,8 
0,8,3,1,1,10,9 
0,8,3,1,1,10,10 
0,8,3,1,1,10,11 
0,8,3,1,1,10,12 
0,8,3,1,1,10,13 
0,8,3,1,1,10,14 
0,8,3,1,1,10,15 
0,9,3,1,1,10,1 
0,9,3,1,1,10,2 
0,9,3,1,1,10,3 
0,9,3,1,1,10,4 
0,9,3,1,1,10,5 
0,9,3,1,1,10,6 
12232,9,3,1,1,10,7 
0,9,3,1,1,10,8 
0,9,3,1,1,10,9 
0,9,3,1,1,10,10 
0,9,3,1,1,10,11 
0,9,3,1,1,10,12 
0,9,3,1,1,10,13 
0,9,3,1,1,10,14 
0,9,3,1,1,10,15 
0,10,3,1,1,10,1 
0,10,3,1,1,10,2 
0,10,3,1,1,10,3 
0,10,3,1,1,10,4 
6407,10,3,1,1,10,5 
0,10,3,1,1,10,6 
7310,10,3,1,1,10,7 
0,10,3,1,1,10,8 
0,10,3,1,1,10,9 
0,10,3,1,1,10,10 
0,10,3,1,1,10,11 
0,10,3,1,1,10,12 
0,10,3,1,1,10,13 
0,10,3,1,1,10,14 
0,10,3,1,1,10,15 
0,1,1,1,1,3,1 
0,1,1,1,1,3,2 
0,1,1,1,1,3,3 
0,1,1,1,1,3,4 
0,1,1,1,1,3,5 
0,1,1,1,1,3,6 
0,1,1,1,1,3,7 
0,1,1,1,1,3,8 
0,1,1,1,1,3,9 
0,1,1,1,1,3,10 
0,1,1,1,1,3,11 
0,1,1,1,1,3,12 
0,1,1,1,1,3,13 
0,1,1,1,1,3,14 
0,1,1,1,1,3,15 
0,2,1,1,1,3,1 
114405,2,1,1,1,3,2 
0,2,1,1,1,3,3 
37859,2,1,1,1,3,4 
0,2,1,1,1,3,5 
0,2,1,1,1,3,6 
0,2,1,1,1,3,7 
0,2,1,1,1,3,8 
0,2,1,1,1,3,9 
0,2,1,1,1,3,10 
0,2,1,1,1,3,11 
0,2,1,1,1,3,12 
0,2,1,1,1,3,13 
0,2,1,1,1,3,14 
0,2,1,1,1,3,15 
0,3,1,1,1,3,1 
0,3,1,1,1,3,2 
0,3,1,1,1,3,3 
43982,3,1,1,1,3,4 
0,3,1,1,1,3,5 
0,3,1,1,1,3,6 
0,3,1,1,1,3,7 
0,3,1,1,1,3,8 
0,3,1,1,1,3,9 
0,3,1,1,1,3,10 
0,3,1,1,1,3,11 
0,3,1,1,1,3,12 
0,3,1,1,1,3,13 
26622,3,1,1,1,3,14 
0,3,1,1,1,3,15 
0,4,1,1,1,3,1 
2757,4,1,1,1,3,2 
0,4,1,1,1,3,3 
2331,4,1,1,1,3,4 
0,4,1,1,1,3,5 
0,4,1,1,1,3,6 
0,4,1,1,1,3,7 
0,4,1,1,1,3,8 
0,4,1,1,1,3,9 
0,4,1,1,1,3,10 
0,4,1,1,1,3,11 
0,4,1,1,1,3,12 
0,4,1,1,1,3,13 
0,4,1,1,1,3,14 
0,4,1,1,1,3,15 
0,5,1,1,1,3,1 
0,5,1,1,1,3,2 
0,5,1,1,1,3,3 
0,5,1,1,1,3,4 
0,5,1,1,1,3,5 
0,5,1,1,1,3,6 
0,5,1,1,1,3,7 
0,5,1,1,1,3,8 
0,5,1,1,1,3,9 
0,5,1,1,1,3,10 
0,5,1,1,1,3,11 
0,5,1,1,1,3,12 
0,5,1,1,1,3,13 
21693,5,1,1,1,3,14 
0,5,1,1,1,3,15 
0,6,1,1,1,3,1 
0,6,1,1,1,3,2 
0,6,1,1,1,3,3 
0,6,1,1,1,3,4 
0,6,1,1,1,3,5 
0,6,1,1,1,3,6 
0,6,1,1,1,3,7 
0,6,1,1,1,3,8 
0,6,1,1,1,3,9 
0,6,1,1,1,3,10 
0,6,1,1,1,3,11 
0,6,1,1,1,3,12 
0,6,1,1,1,3,13 
61623,6,1,1,1,3,14 
0,6,1,1,1,3,15 
0,7,1,1,1,3,1 
0,7,1,1,1,3,2 
0,7,1,1,1,3,3 
24179,7,1,1,1,3,4 
0,7,1,1,1,3,5 
0,7,1,1,1,3,6 
0,7,1,1,1,3,7 
0,7,1,1,1,3,8 
0,7,1,1,1,3,9 
0,7,1,1,1,3,10 
0,7,1,1,1,3,11 
0,7,1,1,1,3,12 
0,7,1,1,1,3,13 
0,7,1,1,1,3,14 
0,7,1,1,1,3,15 
0,8,1,1,1,3,1 
0,8,1,1,1,3,2 
0,8,1,1,1,3,3 
16785,8,1,1,1,3,4 
0,8,1,1,1,3,5 
0,8,1,1,1,3,6 
0,8,1,1,1,3,7 
0,8,1,1,1,3,8 
0,8,1,1,1,3,9 
0,8,1,1,1,3,10 
0,8,1,1,1,3,11 
0,8,1,1,1,3,12 
0,8,1,1,1,3,13 
0,8,1,1,1,3,14 
0,8,1,1,1,3,15 
0,9,1,1,1,3,1 
16940,9,1,1,1,3,2 
0,9,1,1,1,3,3 
0,9,1,1,1,3,4 
0,9,1,1,1,3,5 
0,9,1,1,1,3,6 
0,9,1,1,1,3,7 
0,9,1,1,1,3,8 
0,9,1,1,1,3,9 
0,9,1,1,1,3,10 
0,9,1,1,1,3,11 
0,9,1,1,1,3,12 
0,9,1,1,1,3,13 
0,9,1,1,1,3,14 
0,9,1,1,1,3,15 
0,10,1,1,1,3,1 
0,10,1,1,1,3,2 
0,10,1,1,1,3,3 
0,10,1,1,1,3,4 
0,10,1,1,1,3,5 
0,10,1,1,1,3,6 
0,10,1,1,1,3,7 
0,10,1,1,1,3,8 
0,10,1,1,1,3,9 
0,10,1,1,1,3,10 
0,10,1,1,1,3,11 
0,10,1,1,1,3,12 
0,10,1,1,1,3,13 
17270,10,1,1,1,3,14 
0,10,1,1,1,3,15 
0,1,2,1,1,10,1 
0,1,2,1,1,10,2 
0,1,2,1,1,10,3 
0,1,2,1,1,10,4 
0,1,2,1,1,10,5 
0,1,2,1,1,10,6 
0,1,2,1,1,10,7 
0,1,2,1,1,10,8 
414,1,2,1,1,10,9 
0,1,2,1,1,10,10 
0,1,2,1,1,10,11 
0,1,2,1,1,10,12 
0,1,2,1,1,10,13 
0,1,2,1,1,10,14 
0,1,2,1,1,10,15 
0,2,2,1,1,10,1 
0,2,2,1,1,10,2 
1658,2,2,1,1,10,3 
0,2,2,1,1,10,4 
0,2,2,1,1,10,5 
0,2,2,1,1,10,6 
0,2,2,1,1,10,7 
0,2,2,1,1,10,8 
0,2,2,1,1,10,9 
0,2,2,1,1,10,10 
0,2,2,1,1,10,11 
0,2,2,1,1,10,12 
0,2,2,1,1,10,13 
0,2,2,1,1,10,14 
0,2,2,1,1,10,15 
0,3,2,1,1,10,1 
0,3,2,1,1,10,2 
0,3,2,1,1,10,3 
0,3,2,1,1,10,4 
0,3,2,1,1,10,5 
0,3,2,1,1,10,6 
0,3,2,1,1,10,7 
0,3,2,1,1,10,8 
6771,3,2,1,1,10,9 
0,3,2,1,1,10,10 
0,3,2,1,1,10,11 
0,3,2,1,1,10,12 
0,3,2,1,1,10,13 
0,3,2,1,1,10,14 
0,3,2,1,1,10,15 
5387,4,2,1,1,10,1 
0,4,2,1,1,10,2 
0,4,2,1,1,10,3 
0,4,2,1,1,10,4 
0,4,2,1,1,10,5 
0,4,2,1,1,10,6 
0,4,2,1,1,10,7 
0,4,2,1,1,10,8 
0,4,2,1,1,10,9 
0,4,2,1,1,10,10 
0,4,2,1,1,10,11 
0,4,2,1,1,10,12 
0,4,2,1,1,10,13 
0,4,2,1,1,10,14 
0,4,2,1,1,10,15 
7876,5,2,1,1,10,1 
0,5,2,1,1,10,2 
0,5,2,1,1,10,3 
0,5,2,1,1,10,4 
0,5,2,1,1,10,5 
0,5,2,1,1,10,6 
0,5,2,1,1,10,7 
0,5,2,1,1,10,8 
0,5,2,1,1,10,9 
0,5,2,1,1,10,10 
0,5,2,1,1,10,11 
0,5,2,1,1,10,12 
0,5,2,1,1,10,13 
0,5,2,1,1,10,14 
0,5,2,1,1,10,15 
3597,6,2,1,1,10,1 
0,6,2,1,1,10,2 
1930,6,2,1,1,10,3 
0,6,2,1,1,10,4 
0,6,2,1,1,10,5 
0,6,2,1,1,10,6 
0,6,2,1,1,10,7 
0,6,2,1,1,10,8 
0,6,2,1,1,10,9 
0,6,2,1,1,10,10 
0,6,2,1,1,10,11 
0,6,2,1,1,10,12 
0,6,2,1,1,10,13 
0,6,2,1,1,10,14 
0,6,2,1,1,10,15 
6494,7,2,1,1,10,1 
0,7,2,1,1,10,2 
0,7,2,1,1,10,3 
0,7,2,1,1,10,4 
0,7,2,1,1,10,5 
0,7,2,1,1,10,6 
0,7,2,1,1,10,7 
0,7,2,1,1,10,8 
0,7,2,1,1,10,9 
0,7,2,1,1,10,10 
0,7,2,1,1,10,11 
0,7,2,1,1,10,12 
0,7,2,1,1,10,13 
0,7,2,1,1,10,14 
0,7,2,1,1,10,15 
0,8,2,1,1,10,1 
0,8,2,1,1,10,2 
10802,8,2,1,1,10,3 
0,8,2,1,1,10,4 
0,8,2,1,1,10,5 
0,8,2,1,1,10,6 
0,8,2,1,1,10,7 
0,8,2,1,1,10,8 
4444,8,2,1,1,10,9 
0,8,2,1,1,10,10 
0,8,2,1,1,10,11 
0,8,2,1,1,10,12 
12499,8,2,1,1,10,13 
0,8,2,1,1,10,14 
0,8,2,1,1,10,15 
9724,9,2,1,1,10,1 
0,9,2,1,1,10,2 
0,9,2,1,1,10,3 
0,9,2,1,1,10,4 
0,9,2,1,1,10,5 
0,9,2,1,1,10,6 
0,9,2,1,1,10,7 
0,9,2,1,1,10,8 
11416,9,2,1,1,10,9 
0,9,2,1,1,10,10 
0,9,2,1,1,10,11 
0,9,2,1,1,10,12 
0,9,2,1,1,10,13 
0,9,2,1,1,10,14 
0,9,2,1,1,10,15 
0,10,2,1,1,10,1 
0,10,2,1,1,10,2 
0,10,2,1,1,10,3 
0,10,2,1,1,10,4 
0,10,2,1,1,10,5 
0,10,2,1,1,10,6 
0,10,2,1,1,10,7 
0,10,2,1,1,10,8 
3178,10,2,1,1,10,9 
0,10,2,1,1,10,10 
0,10,2,1,1,10,11 
0,10,2,1,1,10,12 
0,10,2,1,1,10,13 
0,10,2,1,1,10,14 
0,10,2,1,1,10,15 
0,1,3,1,1,10,1 
0,1,3,1,1,10,2 
0,1,3,1,1,10,3 
0,1,3,1,1,10,4 
0,1,3,1,1,10,5 
0,1,3,1,1,10,6 
12988,1,3,1,1,10,7 
0,1,3,1,1,10,8 
0,1,3,1,1,10,9 
0,1,3,1,1,10,10 
0,1,3,1,1,10,11 
0,1,3,1,1,10,12 
0,1,3,1,1,10,13 
0,1,3,1,1,10,14 
0,1,3,1,1,10,15 
0,2,3,1,1,10,1 
0,2,3,1,1,10,2 
0,2,3,1,1,10,3 
0,2,3,1,1,10,4 
4006,2,3,1,1,10,5 
0,2,3,1,1,10,6 
0,2,3,1,1,10,7 
0,2,3,1,1,10,8 
0,2,3,1,1,10,9 
0,2,3,1,1,10,10 
0,2,3,1,1,10,11 
0,2,3,1,1,10,12 
0,2,3,1,1,10,13 
0,2,3,1,1,10,14 
0,2,3,1,1,10,15 
0,3,3,1,1,10,1 
0,3,3,1,1,10,2 
0,3,3,1,1,10,3 
0,3,3,1,1,10,4 
15045,3,3,1,1,10,5 
0,3,3,1,1,10,6 
0,3,3,1,1,10,7 
0,3,3,1,1,10,8 
0,3,3,1,1,10,9 
0,3,3,1,1,10,10 
0,3,3,1,1,10,11 
0,3,3,1,1,10,12 
0,3,3,1,1,10,13 
13694,3,3,1,1,10,14 
0,3,3,1,1,10,15 
0,4,3,1,1,10,1 
0,4,3,1,1,10,2 
0,4,3,1,1,10,3 
0,4,3,1,1,10,4 
0,4,3,1,1,10,5 
0,4,3,1,1,10,6 
0,4,3,1,1,10,7 
0,4,3,1,1,10,8 
0,4,3,1,1,10,9 
0,4,3,1,1,10,10 
0,4,3,1,1,10,11 
0,4,3,1,1,10,12 
0,4,3,1,1,10,13 
5942,4,3,1,1,10,14 
0,4,3,1,1,10,15 
0,5,3,1,1,10,1 
0,5,3,1,1,10,2 
0,5,3,1,1,10,3 
0,5,3,1,1,10,4 
0,5,3,1,1,10,5 
0,5,3,1,1,10,6 
1244,5,3,1,1,10,7 
0,5,3,1,1,10,8 
0,5,3,1,1,10,9 
0,5,3,1,1,10,10 
0,5,3,1,1,10,11 
0,5,3,1,1,10,12 
0,5,3,1,1,10,13 
0,5,3,1,1,10,14 
0,5,3,1,1,10,15 
0,6,3,1,1,10,1 
0,6,3,1,1,10,2 
0,6,3,1,1,10,3 
0,6,3,1,1,10,4 
0,6,3,1,1,10,5 
0,6,3,1,1,10,6 
4974,6,3,1,1,10,7 
0,6,3,1,1,10,8 
0,6,3,1,1,10,9 
0,6,3,1,1,10,10 
0,6,3,1,1,10,11 
0,6,3,1,1,10,12 
0,6,3,1,1,10,13 
0,6,3,1,1,10,14 
0,6,3,1,1,10,15 
0,7,3,1,1,10,1 
0,7,3,1,1,10,2 
0,7,3,1,1,10,3 
0,7,3,1,1,10,4 
0,7,3,1,1,10,5 
0,7,3,1,1,10,6 
0,7,3,1,1,10,7 
0,7,3,1,1,10,8 
0,7,3,1,1,10,9 
0,7,3,1,1,10,10 
0,7,3,1,1,10,11 
25000,7,3,1,1,10,12 
0,7,3,1,1,10,13 
9820,7,3,1,1,10,14 
0,7,3,1,1,10,15 
0,8,3,1,1,10,1 
0,8,3,1,1,10,2 
0,8,3,1,1,10,3 
0,8,3,1,1,10,4 
64,8,3,1,1,10,5 
0,8,3,1,1,10,6 
0,8,3,1,1,10,7 
0,8,3,1,1,10,8 
0,8,3,1,1,10,9 
0,8,3,1,1,10,10 
0,8,3,1,1,10,11 
0,8,3,1,1,10,12 
0,8,3,1,1,10,13 
0,8,3,1,1,10,14 
0,8,3,1,1,10,15 
0,9,3,1,1,10,1 
0,9,3,1,1,10,2 
0,9,3,1,1,10,3 
0,9,3,1,1,10,4 
0,9,3,1,1,10,5 
0,9,3,1,1,10,6 
12232,9,3,1,1,10,7 
0,9,3,1,1,10,8 
0,9,3,1,1,10,9 
0,9,3,1,1,10,10 
0,9,3,1,1,10,11 
0,9,3,1,1,10,12 
0,9,3,1,1,10,13 
0,9,3,1,1,10,14 
0,9,3,1,1,10,15 
0,10,3,1,1,10,1 
0,10,3,1,1,10,2 
0,10,3,1,1,10,3 
0,10,3,1,1,10,4 
6407,10,3,1,1,10,5 
0,10,3,1,1,10,6 
7310,10,3,1,1,10,7 
0,10,3,1,1,10,8 
0,10,3,1,1,10,9 
0,10,3,1,1,10,10 
0,10,3,1,1,10,11 
0,10,3,1,1,10,12 
0,10,3,1,1,10,13 
0,10,3,1,1,10,14 
0,10,3,1,1,10,15 
0,1,1,1,1,4,1 
0,1,1,1,1,4,2 
0,1,1,1,1,4,3 
0,1,1,1,1,4,4 
2457,1,1,1,1,4,5 
0,1,1,1,1,4,6 
0,1,1,1,1,4,7 
0,1,1,1,1,4,8 
0,1,1,1,1,4,9 
0,1,1,1,1,4,10 
0,1,1,1,1,4,11 
0,1,1,1,1,4,12 
0,1,1,1,1,4,13 
0,1,1,1,1,4,14 
0,1,1,1,1,4,15 
0,2,1,1,1,4,1 
0,2,1,1,1,4,2 
0,2,1,1,1,4,3 
0,2,1,1,1,4,4 
0,2,1,1,1,4,5 
0,2,1,1,1,4,6 
152265,2,1,1,1,4,7 
0,2,1,1,1,4,8 
0,2,1,1,1,4,9 
0,2,1,1,1,4,10 
0,2,1,1,1,4,11 
0,2,1,1,1,4,12 
0,2,1,1,1,4,13 
0,2,1,1,1,4,14 
0,2,1,1,1,4,15 
0,3,1,1,1,4,1 
0,3,1,1,1,4,2 
0,3,1,1,1,4,3 
0,3,1,1,1,4,4 
0,3,1,1,1,4,5 
0,3,1,1,1,4,6 
0,3,1,1,1,4,7 
0,3,1,1,1,4,8 
0,3,1,1,1,4,9 
0,3,1,1,1,4,10 
0,3,1,1,1,4,11 
0,3,1,1,1,4,12 
70605,3,1,1,1,4,13 
0,3,1,1,1,4,14 
0,3,1,1,1,4,15 
0,4,1,1,1,4,1 
0,4,1,1,1,4,2 
0,4,1,1,1,4,3 
0,4,1,1,1,4,4 
17461,4,1,1,1,4,5 
0,4,1,1,1,4,6 
1133,4,1,1,1,4,7 
0,4,1,1,1,4,8 
0,4,1,1,1,4,9 
0,4,1,1,1,4,10 
0,4,1,1,1,4,11 
0,4,1,1,1,4,12 
5088,4,1,1,1,4,13 
0,4,1,1,1,4,14 
0,4,1,1,1,4,15 
0,5,1,1,1,4,1 
0,5,1,1,1,4,2 
0,5,1,1,1,4,3 
0,5,1,1,1,4,4 
0,5,1,1,1,4,5 
0,5,1,1,1,4,6 
0,5,1,1,1,4,7 
0,5,1,1,1,4,8 
0,5,1,1,1,4,9 
0,5,1,1,1,4,10 
21693,5,1,1,1,4,11 
0,5,1,1,1,4,12 
0,5,1,1,1,4,13 
0,5,1,1,1,4,14 
0,5,1,1,1,4,15 
0,6,1,1,1,4,1 
0,6,1,1,1,4,2 
0,6,1,1,1,4,3 
0,6,1,1,1,4,4 
0,6,1,1,1,4,5 
0,6,1,1,1,4,6 
0,6,1,1,1,4,7 
0,6,1,1,1,4,8 
0,6,1,1,1,4,9 
0,6,1,1,1,4,10 
61624,6,1,1,1,4,11 
0,6,1,1,1,4,12 
0,6,1,1,1,4,13 
0,6,1,1,1,4,14 
0,6,1,1,1,4,15 
0,7,1,1,1,4,1 
0,7,1,1,1,4,2 
0,7,1,1,1,4,3 
0,7,1,1,1,4,4 
0,7,1,1,1,4,5 
0,7,1,1,1,4,6 
0,7,1,1,1,4,7 
0,7,1,1,1,4,8 
0,7,1,1,1,4,9 
0,7,1,1,1,4,10 
24179,7,1,1,1,4,11 
0,7,1,1,1,4,12 
0,7,1,1,1,4,13 
0,7,1,1,1,4,14 
0,7,1,1,1,4,15 
0,8,1,1,1,4,1 
0,8,1,1,1,4,2 
0,8,1,1,1,4,3 
0,8,1,1,1,4,4 
0,8,1,1,1,4,5 
0,8,1,1,1,4,6 
0,8,1,1,1,4,7 
0,8,1,1,1,4,8 
0,8,1,1,1,4,9 
0,8,1,1,1,4,10 
0,8,1,1,1,4,11 
0,8,1,1,1,4,12 
16786,8,1,1,1,4,13 
0,8,1,1,1,4,14 
0,8,1,1,1,4,15 
0,9,1,1,1,4,1 
0,9,1,1,1,4,2 
0,9,1,1,1,4,3 
0,9,1,1,1,4,4 
16940,9,1,1,1,4,5 
0,9,1,1,1,4,6 
0,9,1,1,1,4,7 
0,9,1,1,1,4,8 
0,9,1,1,1,4,9 
0,9,1,1,1,4,10 
0,9,1,1,1,4,11 
0,9,1,1,1,4,12 
0,9,1,1,1,4,13 
0,9,1,1,1,4,14 
0,9,1,1,1,4,15 
0,10,1,1,1,4,1 
0,10,1,1,1,4,2 
0,10,1,1,1,4,3 
0,10,1,1,1,4,4 
0,10,1,1,1,4,5 
0,10,1,1,1,4,6 
0,10,1,1,1,4,7 
0,10,1,1,1,4,8 
0,10,1,1,1,4,9 
0,10,1,1,1,4,10 
17270,10,1,1,1,4,11 
0,10,1,1,1,4,12 
0,10,1,1,1,4,13 
0,10,1,1,1,4,14 
0,10,1,1,1,4,15 
0,1,2,1,1,10,1 
0,1,2,1,1,10,2 
0,1,2,1,1,10,3 
0,1,2,1,1,10,4 
0,1,2,1,1,10,5 
0,1,2,1,1,10,6 
0,1,2,1,1,10,7 
0,1,2,1,1,10,8 
414,1,2,1,1,10,9 
0,1,2,1,1,10,10 
0,1,2,1,1,10,11 
0,1,2,1,1,10,12 
0,1,2,1,1,10,13 
0,1,2,1,1,10,14 
0,1,2,1,1,10,15 
0,2,2,1,1,10,1 
0,2,2,1,1,10,2 
1658,2,2,1,1,10,3 
0,2,2,1,1,10,4 
0,2,2,1,1,10,5 
0,2,2,1,1,10,6 
0,2,2,1,1,10,7 
0,2,2,1,1,10,8 
0,2,2,1,1,10,9 
0,2,2,1,1,10,10 
0,2,2,1,1,10,11 
0,2,2,1,1,10,12 
0,2,2,1,1,10,13 
0,2,2,1,1,10,14 
0,2,2,1,1,10,15 
0,3,2,1,1,10,1 
0,3,2,1,1,10,2 
0,3,2,1,1,10,3 
0,3,2,1,1,10,4 
0,3,2,1,1,10,5 
0,3,2,1,1,10,6 
0,3,2,1,1,10,7 
0,3,2,1,1,10,8 
6771,3,2,1,1,10,9 
0,3,2,1,1,10,10 
0,3,2,1,1,10,11 
0,3,2,1,1,10,12 
0,3,2,1,1,10,13 
0,3,2,1,1,10,14 
0,3,2,1,1,10,15 
5387,4,2,1,1,10,1 
0,4,2,1,1,10,2 
0,4,2,1,1,10,3 
0,4,2,1,1,10,4 
0,4,2,1,1,10,5 
0,4,2,1,1,10,6 
0,4,2,1,1,10,7 
0,4,2,1,1,10,8 
0,4,2,1,1,10,9 
0,4,2,1,1,10,10 
0,4,2,1,1,10,11 
0,4,2,1,1,10,12 
0,4,2,1,1,10,13 
0,4,2,1,1,10,14 
0,4,2,1,1,10,15 
7876,5,2,1,1,10,1 
0,5,2,1,1,10,2 
0,5,2,1,1,10,3 
0,5,2,1,1,10,4 
0,5,2,1,1,10,5 
0,5,2,1,1,10,6 
0,5,2,1,1,10,7 
0,5,2,1,1,10,8 
0,5,2,1,1,10,9 
0,5,2,1,1,10,10 
0,5,2,1,1,10,11 
0,5,2,1,1,10,12 
0,5,2,1,1,10,13 
0,5,2,1,1,10,14 
0,5,2,1,1,10,15 
3597,6,2,1,1,10,1 
0,6,2,1,1,10,2 
1930,6,2,1,1,10,3 
0,6,2,1,1,10,4 
0,6,2,1,1,10,5 
0,6,2,1,1,10,6 
0,6,2,1,1,10,7 
0,6,2,1,1,10,8 
0,6,2,1,1,10,9 
0,6,2,1,1,10,10 
0,6,2,1,1,10,11 
0,6,2,1,1,10,12 
0,6,2,1,1,10,13 
0,6,2,1,1,10,14 
0,6,2,1,1,10,15 
6494,7,2,1,1,10,1 
0,7,2,1,1,10,2 
0,7,2,1,1,10,3 
0,7,2,1,1,10,4 
0,7,2,1,1,10,5 
0,7,2,1,1,10,6 
0,7,2,1,1,10,7 
0,7,2,1,1,10,8 
0,7,2,1,1,10,9 
0,7,2,1,1,10,10 
0,7,2,1,1,10,11 
0,7,2,1,1,10,12 
0,7,2,1,1,10,13 
0,7,2,1,1,10,14 
0,7,2,1,1,10,15 
0,8,2,1,1,10,1 
0,8,2,1,1,10,2 
10802,8,2,1,1,10,3 
0,8,2,1,1,10,4 
0,8,2,1,1,10,5 
0,8,2,1,1,10,6 
0,8,2,1,1,10,7 
0,8,2,1,1,10,8 
4444,8,2,1,1,10,9 
0,8,2,1,1,10,10 
0,8,2,1,1,10,11 
0,8,2,1,1,10,12 
12499,8,2,1,1,10,13 
0,8,2,1,1,10,14 
0,8,2,1,1,10,15 
9724,9,2,1,1,10,1 
0,9,2,1,1,10,2 
0,9,2,1,1,10,3 
0,9,2,1,1,10,4 
0,9,2,1,1,10,5 
0,9,2,1,1,10,6 
0,9,2,1,1,10,7 
0,9,2,1,1,10,8 
11416,9,2,1,1,10,9 
0,9,2,1,1,10,10 
0,9,2,1,1,10,11 
0,9,2,1,1,10,12 
0,9,2,1,1,10,13 
0,9,2,1,1,10,14 
0,9,2,1,1,10,15 
0,10,2,1,1,10,1 
0,10,2,1,1,10,2 
0,10,2,1,1,10,3 
0,10,2,1,1,10,4 
0,10,2,1,1,10,5 
0,10,2,1,1,10,6 
0,10,2,1,1,10,7 
0,10,2,1,1,10,8 
3178,10,2,1,1,10,9 
0,10,2,1,1,10,10 
0,10,2,1,1,10,11 
0,10,2,1,1,10,12 
0,10,2,1,1,10,13 
0,10,2,1,1,10,14 
0,10,2,1,1,10,15 
0,1,3,1,1,10,1 
0,1,3,1,1,10,2 
0,1,3,1,1,10,3 
0,1,3,1,1,10,4 
0,1,3,1,1,10,5 
0,1,3,1,1,10,6 
12988,1,3,1,1,10,7 
0,1,3,1,1,10,8 
0,1,3,1,1,10,9 
0,1,3,1,1,10,10 
0,1,3,1,1,10,11 
0,1,3,1,1,10,12 
0,1,3,1,1,10,13 
0,1,3,1,1,10,14 
0,1,3,1,1,10,15 
0,2,3,1,1,10,1 
0,2,3,1,1,10,2 
0,2,3,1,1,10,3 
0,2,3,1,1,10,4 
4006,2,3,1,1,10,5 
0,2,3,1,1,10,6 
0,2,3,1,1,10,7 
0,2,3,1,1,10,8 
0,2,3,1,1,10,9 
0,2,3,1,1,10,10 
0,2,3,1,1,10,11 
0,2,3,1,1,10,12 
0,2,3,1,1,10,13 
0,2,3,1,1,10,14 
0,2,3,1,1,10,15 
0,3,3,1,1,10,1 
0,3,3,1,1,10,2 
0,3,3,1,1,10,3 
0,3,3,1,1,10,4 
15045,3,3,1,1,10,5 
0,3,3,1,1,10,6 
0,3,3,1,1,10,7 
0,3,3,1,1,10,8 
0,3,3,1,1,10,9 
0,3,3,1,1,10,10 
0,3,3,1,1,10,11 
0,3,3,1,1,10,12 
0,3,3,1,1,10,13 
13694,3,3,1,1,10,14 
0,3,3,1,1,10,15 
0,4,3,1,1,10,1 
0,4,3,1,1,10,2 
0,4,3,1,1,10,3 
0,4,3,1,1,10,4 
0,4,3,1,1,10,5 
0,4,3,1,1,10,6 
0,4,3,1,1,10,7 
0,4,3,1,1,10,8 
0,4,3,1,1,10,9 
0,4,3,1,1,10,10 
0,4,3,1,1,10,11 
0,4,3,1,1,10,12 
0,4,3,1,1,10,13 
5942,4,3,1,1,10,14 
0,4,3,1,1,10,15 
0,5,3,1,1,10,1 
0,5,3,1,1,10,2 
0,5,3,1,1,10,3 
0,5,3,1,1,10,4 
0,5,3,1,1,10,5 
0,5,3,1,1,10,6 
1244,5,3,1,1,10,7 
0,5,3,1,1,10,8 
0,5,3,1,1,10,9 
0,5,3,1,1,10,10 
0,5,3,1,1,10,11 
0,5,3,1,1,10,12 
0,5,3,1,1,10,13 
0,5,3,1,1,10,14 
0,5,3,1,1,10,15 
0,6,3,1,1,10,1 
0,6,3,1,1,10,2 
0,6,3,1,1,10,3 
0,6,3,1,1,10,4 
0,6,3,1,1,10,5 
0,6,3,1,1,10,6 
4974,6,3,1,1,10,7 
0,6,3,1,1,10,8 
0,6,3,1,1,10,9 
0,6,3,1,1,10,10 
0,6,3,1,1,10,11 
0,6,3,1,1,10,12 
0,6,3,1,1,10,13 
0,6,3,1,1,10,14 
0,6,3,1,1,10,15 
0,7,3,1,1,10,1 
0,7,3,1,1,10,2 
0,7,3,1,1,10,3 
0,7,3,1,1,10,4 
0,7,3,1,1,10,5 
0,7,3,1,1,10,6 
0,7,3,1,1,10,7 
0,7,3,1,1,10,8 
0,7,3,1,1,10,9 
0,7,3,1,1,10,10 
0,7,3,1,1,10,11 
25000,7,3,1,1,10,12 
0,7,3,1,1,10,13 
9820,7,3,1,1,10,14 
0,7,3,1,1,10,15 
0,8,3,1,1,10,1 
0,8,3,1,1,10,2 
0,8,3,1,1,10,3 
0,8,3,1,1,10,4 
64,8,3,1,1,10,5 
0,8,3,1,1,10,6 
0,8,3,1,1,10,7 
0,8,3,1,1,10,8 
0,8,3,1,1,10,9 
0,8,3,1,1,10,10 
0,8,3,1,1,10,11 
0,8,3,1,1,10,12 
0,8,3,1,1,10,13 
0,8,3,1,1,10,14 
0,8,3,1,1,10,15 
0,9,3,1,1,10,1 
0,9,3,1,1,10,2 
0,9,3,1,1,10,3 
0,9,3,1,1,10,4 
0,9,3,1,1,10,5 
0,9,3,1,1,10,6 
12232,9,3,1,1,10,7 
0,9,3,1,1,10,8 
0,9,3,1,1,10,9 
0,9,3,1,1,10,10 
0,9,3,1,1,10,11 
0,9,3,1,1,10,12 
0,9,3,1,1,10,13 
0,9,3,1,1,10,14 
0,9,3,1,1,10,15 
0,10,3,1,1,10,1 
0,10,3,1,1,10,2 
0,10,3,1,1,10,3 
0,10,3,1,1,10,4 
6407,10,3,1,1,10,5 
0,10,3,1,1,10,6 
7310,10,3,1,1,10,7 
0,10,3,1,1,10,8 
0,10,3,1,1,10,9 
0,10,3,1,1,10,10 
0,10,3,1,1,10,11 
0,10,3,1,1,10,12 
0,10,3,1,1,10,13 
0,10,3,1,1,10,14 
0,10,3,1,1,10,15 
0,1,1,1,1,5,1 
0,1,1,1,1,5,2 
0,1,1,1,1,5,3 
0,1,1,1,1,5,4 
0,1,1,1,1,5,5 
0,1,1,1,1,5,6 
0,1,1,1,1,5,7 
0,1,1,1,1,5,8 
0,1,1,1,1,5,9 
0,1,1,1,1,5,10 
0,1,1,1,1,5,11 
0,1,1,1,1,5,12 
0,1,1,1,1,5,13 
0,1,1,1,1,5,14 
0,1,1,1,1,5,15 
0,2,1,1,1,5,1 
0,2,1,1,1,5,2 
0,2,1,1,1,5,3 
0,2,1,1,1,5,4 
35497,2,1,1,1,5,5 
0,2,1,1,1,5,6 
0,2,1,1,1,5,7 
0,2,1,1,1,5,8 
0,2,1,1,1,5,9 
116767,2,1,1,1,5,10 
0,2,1,1,1,5,11 
0,2,1,1,1,5,12 
0,2,1,1,1,5,13 
0,2,1,1,1,5,14 
0,2,1,1,1,5,15 
0,3,1,1,1,5,1 
0,3,1,1,1,5,2 
0,3,1,1,1,5,3 
0,3,1,1,1,5,4 
0,3,1,1,1,5,5 
0,3,1,1,1,5,6 
0,3,1,1,1,5,7 
0,3,1,1,1,5,8 
0,3,1,1,1,5,9 
0,3,1,1,1,5,10 
0,3,1,1,1,5,11 
0,3,1,1,1,5,12 
70605,3,1,1,1,5,13 
0,3,1,1,1,5,14 
0,3,1,1,1,5,15 
0,4,1,1,1,5,1 
0,4,1,1,1,5,2 
0,4,1,1,1,5,3 
0,4,1,1,1,5,4 
0,4,1,1,1,5,5 
0,4,1,1,1,5,6 
0,4,1,1,1,5,7 
0,4,1,1,1,5,8 
0,4,1,1,1,5,9 
2402,4,1,1,1,5,10 
0,4,1,1,1,5,11 
0,4,1,1,1,5,12 
10879,4,1,1,1,5,13 
0,4,1,1,1,5,14 
16806,4,1,1,1,5,15 
0,5,1,1,1,5,1 
0,5,1,1,1,5,2 
0,5,1,1,1,5,3 
0,5,1,1,1,5,4 
21693,5,1,1,1,5,5 
0,5,1,1,1,5,6 
0,5,1,1,1,5,7 
0,5,1,1,1,5,8 
0,5,1,1,1,5,9 
0,5,1,1,1,5,10 
0,5,1,1,1,5,11 
0,5,1,1,1,5,12 
0,5,1,1,1,5,13 
0,5,1,1,1,5,14 
0,5,1,1,1,5,15 
0,6,1,1,1,5,1 
0,6,1,1,1,5,2 
0,6,1,1,1,5,3 
0,6,1,1,1,5,4 
61624,6,1,1,1,5,5 
0,6,1,1,1,5,6 
0,6,1,1,1,5,7 
0,6,1,1,1,5,8 
0,6,1,1,1,5,9 
0,6,1,1,1,5,10 
0,6,1,1,1,5,11 
0,6,1,1,1,5,12 
0,6,1,1,1,5,13 
0,6,1,1,1,5,14 
0,6,1,1,1,5,15 
0,7,1,1,1,5,1 
0,7,1,1,1,5,2 
0,7,1,1,1,5,3 
0,7,1,1,1,5,4 
0,7,1,1,1,5,5 
0,7,1,1,1,5,6 
0,7,1,1,1,5,7 
0,7,1,1,1,5,8 
0,7,1,1,1,5,9 
0,7,1,1,1,5,10 
0,7,1,1,1,5,11 
0,7,1,1,1,5,12 
0,7,1,1,1,5,13 
0,7,1,1,1,5,14 
24180,7,1,1,1,5,15 
0,8,1,1,1,5,1 
0,8,1,1,1,5,2 
0,8,1,1,1,5,3 
0,8,1,1,1,5,4 
0,8,1,1,1,5,5 
0,8,1,1,1,5,6 
0,8,1,1,1,5,7 
0,8,1,1,1,5,8 
0,8,1,1,1,5,9 
0,8,1,1,1,5,10 
0,8,1,1,1,5,11 
0,8,1,1,1,5,12 
0,8,1,1,1,5,13 
0,8,1,1,1,5,14 
16786,8,1,1,1,5,15 
0,9,1,1,1,5,1 
0,9,1,1,1,5,2 
0,9,1,1,1,5,3 
0,9,1,1,1,5,4 
0,9,1,1,1,5,5 
0,9,1,1,1,5,6 
0,9,1,1,1,5,7 
0,9,1,1,1,5,8 
0,9,1,1,1,5,9 
16940,9,1,1,1,5,10 
0,9,1,1,1,5,11 
0,9,1,1,1,5,12 
0,9,1,1,1,5,13 
0,9,1,1,1,5,14 
0,9,1,1,1,5,15 
0,10,1,1,1,5,1 
0,10,1,1,1,5,2 
0,10,1,1,1,5,3 
0,10,1,1,1,5,4 
17270,10,1,1,1,5,5 
0,10,1,1,1,5,6 
0,10,1,1,1,5,7 
0,10,1,1,1,5,8 
0,10,1,1,1,5,9 
0,10,1,1,1,5,10 
0,10,1,1,1,5,11 
0,10,1,1,1,5,12 
0,10,1,1,1,5,13 
0,10,1,1,1,5,14 
0,10,1,1,1,5,15 
0,1,2,1,1,10,1 
0,1,2,1,1,10,2 
0,1,2,1,1,10,3 
0,1,2,1,1,10,4 
0,1,2,1,1,10,5 
0,1,2,1,1,10,6 
0,1,2,1,1,10,7 
0,1,2,1,1,10,8 
414,1,2,1,1,10,9 
0,1,2,1,1,10,10 
0,1,2,1,1,10,11 
0,1,2,1,1,10,12 
0,1,2,1,1,10,13 
0,1,2,1,1,10,14 
0,1,2,1,1,10,15 
0,2,2,1,1,10,1 
0,2,2,1,1,10,2 
1658,2,2,1,1,10,3 
0,2,2,1,1,10,4 
0,2,2,1,1,10,5 
0,2,2,1,1,10,6 
0,2,2,1,1,10,7 
0,2,2,1,1,10,8 
0,2,2,1,1,10,9 
0,2,2,1,1,10,10 
0,2,2,1,1,10,11 
0,2,2,1,1,10,12 
0,2,2,1,1,10,13 
0,2,2,1,1,10,14 
0,2,2,1,1,10,15 
0,3,2,1,1,10,1 
0,3,2,1,1,10,2 
0,3,2,1,1,10,3 
0,3,2,1,1,10,4 
0,3,2,1,1,10,5 
0,3,2,1,1,10,6 
0,3,2,1,1,10,7 
0,3,2,1,1,10,8 
6771,3,2,1,1,10,9 
0,3,2,1,1,10,10 
0,3,2,1,1,10,11 
0,3,2,1,1,10,12 
0,3,2,1,1,10,13 
0,3,2,1,1,10,14 
0,3,2,1,1,10,15 
5387,4,2,1,1,10,1 
0,4,2,1,1,10,2 
0,4,2,1,1,10,3 
0,4,2,1,1,10,4 
0,4,2,1,1,10,5 
0,4,2,1,1,10,6 
0,4,2,1,1,10,7 
0,4,2,1,1,10,8 
0,4,2,1,1,10,9 
0,4,2,1,1,10,10 
0,4,2,1,1,10,11 
0,4,2,1,1,10,12 
0,4,2,1,1,10,13 
0,4,2,1,1,10,14 
0,4,2,1,1,10,15 
7876,5,2,1,1,10,1 
0,5,2,1,1,10,2 
0,5,2,1,1,10,3 
0,5,2,1,1,10,4 
0,5,2,1,1,10,5 
0,5,2,1,1,10,6 
0,5,2,1,1,10,7 
0,5,2,1,1,10,8 
0,5,2,1,1,10,9 
0,5,2,1,1,10,10 
0,5,2,1,1,10,11 
0,5,2,1,1,10,12 
0,5,2,1,1,10,13 
0,5,2,1,1,10,14 
0,5,2,1,1,10,15 
3597,6,2,1,1,10,1 
0,6,2,1,1,10,2 
1930,6,2,1,1,10,3 
0,6,2,1,1,10,4 
0,6,2,1,1,10,5 
0,6,2,1,1,10,6 
0,6,2,1,1,10,7 
0,6,2,1,1,10,8 
0,6,2,1,1,10,9 
0,6,2,1,1,10,10 
0,6,2,1,1,10,11 
0,6,2,1,1,10,12 
0,6,2,1,1,10,13 
0,6,2,1,1,10,14 
0,6,2,1,1,10,15 
6494,7,2,1,1,10,1 
0,7,2,1,1,10,2 
0,7,2,1,1,10,3 
0,7,2,1,1,10,4 
0,7,2,1,1,10,5 
0,7,2,1,1,10,6 
0,7,2,1,1,10,7 
0,7,2,1,1,10,8 
0,7,2,1,1,10,9 
0,7,2,1,1,10,10 
0,7,2,1,1,10,11 
0,7,2,1,1,10,12 
0,7,2,1,1,10,13 
0,7,2,1,1,10,14 
0,7,2,1,1,10,15 
0,8,2,1,1,10,1 
0,8,2,1,1,10,2 
10802,8,2,1,1,10,3 
0,8,2,1,1,10,4 
0,8,2,1,1,10,5 
0,8,2,1,1,10,6 
0,8,2,1,1,10,7 
0,8,2,1,1,10,8 
4444,8,2,1,1,10,9 
0,8,2,1,1,10,10 
0,8,2,1,1,10,11 
0,8,2,1,1,10,12 
12499,8,2,1,1,10,13 
0,8,2,1,1,10,14 
0,8,2,1,1,10,15 
9724,9,2,1,1,10,1 
0,9,2,1,1,10,2 
0,9,2,1,1,10,3 
0,9,2,1,1,10,4 
0,9,2,1,1,10,5 
0,9,2,1,1,10,6 
0,9,2,1,1,10,7 
0,9,2,1,1,10,8 
11416,9,2,1,1,10,9 
0,9,2,1,1,10,10 
0,9,2,1,1,10,11 
0,9,2,1,1,10,12 
0,9,2,1,1,10,13 
0,9,2,1,1,10,14 
0,9,2,1,1,10,15 
0,10,2,1,1,10,1 
0,10,2,1,1,10,2 
0,10,2,1,1,10,3 
0,10,2,1,1,10,4 
0,10,2,1,1,10,5 
0,10,2,1,1,10,6 
0,10,2,1,1,10,7 
0,10,2,1,1,10,8 
3178,10,2,1,1,10,9 
0,10,2,1,1,10,10 
0,10,2,1,1,10,11 
0,10,2,1,1,10,12 
0,10,2,1,1,10,13 
0,10,2,1,1,10,14 
0,10,2,1,1,10,15 
0,1,3,1,1,10,1 
0,1,3,1,1,10,2 
0,1,3,1,1,10,3 
0,1,3,1,1,10,4 
0,1,3,1,1,10,5 
0,1,3,1,1,10,6 
12988,1,3,1,1,10,7 
0,1,3,1,1,10,8 
0,1,3,1,1,10,9 
0,1,3,1,1,10,10 
0,1,3,1,1,10,11 
0,1,3,1,1,10,12 
0,1,3,1,1,10,13 
0,1,3,1,1,10,14 
0,1,3,1,1,10,15 
0,2,3,1,1,10,1 
0,2,3,1,1,10,2 
0,2,3,1,1,10,3 
0,2,3,1,1,10,4 
4006,2,3,1,1,10,5 
0,2,3,1,1,10,6 
0,2,3,1,1,10,7 
0,2,3,1,1,10,8 
0,2,3,1,1,10,9 
0,2,3,1,1,10,10 
0,2,3,1,1,10,11 
0,2,3,1,1,10,12 
0,2,3,1,1,10,13 
0,2,3,1,1,10,14 
0,2,3,1,1,10,15 
0,3,3,1,1,10,1 
0,3,3,1,1,10,2 
0,3,3,1,1,10,3 
0,3,3,1,1,10,4 
15045,3,3,1,1,10,5 
0,3,3,1,1,10,6 
0,3,3,1,1,10,7 
0,3,3,1,1,10,8 
0,3,3,1,1,10,9 
0,3,3,1,1,10,10 
0,3,3,1,1,10,11 
0,3,3,1,1,10,12 
0,3,3,1,1,10,13 
13694,3,3,1,1,10,14 
0,3,3,1,1,10,15 
0,4,3,1,1,10,1 
0,4,3,1,1,10,2 
0,4,3,1,1,10,3 
0,4,3,1,1,10,4 
0,4,3,1,1,10,5 
0,4,3,1,1,10,6 
0,4,3,1,1,10,7 
0,4,3,1,1,10,8 
0,4,3,1,1,10,9 
0,4,3,1,1,10,10 
0,4,3,1,1,10,11 
0,4,3,1,1,10,12 
0,4,3,1,1,10,13 
5942,4,3,1,1,10,14 
0,4,3,1,1,10,15 
0,5,3,1,1,10,1 
0,5,3,1,1,10,2 
0,5,3,1,1,10,3 
0,5,3,1,1,10,4 
0,5,3,1,1,10,5 
0,5,3,1,1,10,6 
1244,5,3,1,1,10,7 
0,5,3,1,1,10,8 
0,5,3,1,1,10,9 
0,5,3,1,1,10,10 
0,5,3,1,1,10,11 
0,5,3,1,1,10,12 
0,5,3,1,1,10,13 
0,5,3,1,1,10,14 
0,5,3,1,1,10,15 
0,6,3,1,1,10,1 
0,6,3,1,1,10,2 
0,6,3,1,1,10,3 
0,6,3,1,1,10,4 
0,6,3,1,1,10,5 
0,6,3,1,1,10,6 
4974,6,3,1,1,10,7 
0,6,3,1,1,10,8 
0,6,3,1,1,10,9 
0,6,3,1,1,10,10 
0,6,3,1,1,10,11 
0,6,3,1,1,10,12 
0,6,3,1,1,10,13 
0,6,3,1,1,10,14 
0,6,3,1,1,10,15 
0,7,3,1,1,10,1 
0,7,3,1,1,10,2 
0,7,3,1,1,10,3 
0,7,3,1,1,10,4 
0,7,3,1,1,10,5 
0,7,3,1,1,10,6 
0,7,3,1,1,10,7 
0,7,3,1,1,10,8 
0,7,3,1,1,10,9 
0,7,3,1,1,10,10 
0,7,3,1,1,10,11 
25000,7,3,1,1,10,12 
0,7,3,1,1,10,13 
9820,7,3,1,1,10,14 
0,7,3,1,1,10,15 
0,8,3,1,1,10,1 
0,8,3,1,1,10,2 
0,8,3,1,1,10,3 
0,8,3,1,1,10,4 
64,8,3,1,1,10,5 
0,8,3,1,1,10,6 
0,8,3,1,1,10,7 
0,8,3,1,1,10,8 
0,8,3,1,1,10,9 
0,8,3,1,1,10,10 
0,8,3,1,1,10,11 
0,8,3,1,1,10,12 
0,8,3,1,1,10,13 
0,8,3,1,1,10,14 
0,8,3,1,1,10,15 
0,9,3,1,1,10,1 
0,9,3,1,1,10,2 
0,9,3,1,1,10,3 
0,9,3,1,1,10,4 
0,9,3,1,1,10,5 
0,9,3,1,1,10,6 
12232,9,3,1,1,10,7 
0,9,3,1,1,10,8 
0,9,3,1,1,10,9 
0,9,3,1,1,10,10 
0,9,3,1,1,10,11 
0,9,3,1,1,10,12 
0,9,3,1,1,10,13 
0,9,3,1,1,10,14 
0,9,3,1,1,10,15 
0,10,3,1,1,10,1 
0,10,3,1,1,10,2 
0,10,3,1,1,10,3 
0,10,3,1,1,10,4 
6407,10,3,1,1,10,5 
0,10,3,1,1,10,6 
7310,10,3,1,1,10,7 
0,10,3,1,1,10,8 
0,10,3,1,1,10,9 
0,10,3,1,1,10,10 
0,10,3,1,1,10,11 
0,10,3,1,1,10,12 
0,10,3,1,1,10,13 
0,10,3,1,1,10,14 
0,10,3,1,1,10,15 
0,1,1,1,1,6,1 
0,1,1,1,1,6,2 
0,1,1,1,1,6,3 
0,1,1,1,1,6,4 
0,1,1,1,1,6,5 
0,1,1,1,1,6,6 
0,1,1,1,1,6,7 
0,1,1,1,1,6,8 
0,1,1,1,1,6,9 
0,1,1,1,1,6,10 
0,1,1,1,1,6,11 
0,1,1,1,1,6,12 
0,1,1,1,1,6,13 
0,1,1,1,1,6,14 
0,1,1,1,1,6,15 
0,2,1,1,1,6,1 
72526,2,1,1,1,6,2 
0,2,1,1,1,6,3 
0,2,1,1,1,6,4 
0,2,1,1,1,6,5 
0,2,1,1,1,6,6 
79738,2,1,1,1,6,7 
0,2,1,1,1,6,8 
0,2,1,1,1,6,9 
0,2,1,1,1,6,10 
0,2,1,1,1,6,11 
0,2,1,1,1,6,12 
0,2,1,1,1,6,13 
0,2,1,1,1,6,14 
0,2,1,1,1,6,15 
0,3,1,1,1,6,1 
44698,3,1,1,1,6,2 
0,3,1,1,1,6,3 
0,3,1,1,1,6,4 
0,3,1,1,1,6,5 
0,3,1,1,1,6,6 
0,3,1,1,1,6,7 
25906,3,1,1,1,6,8 
0,3,1,1,1,6,9 
0,3,1,1,1,6,10 
0,3,1,1,1,6,11 
0,3,1,1,1,6,12 
0,3,1,1,1,6,13 
0,3,1,1,1,6,14 
0,3,1,1,1,6,15 
0,4,1,1,1,6,1 
0,4,1,1,1,6,2 
0,4,1,1,1,6,3 
0,4,1,1,1,6,4 
0,4,1,1,1,6,5 
0,4,1,1,1,6,6 
0,4,1,1,1,6,7 
5088,4,1,1,1,6,8 
0,4,1,1,1,6,9 
0,4,1,1,1,6,10 
0,4,1,1,1,6,11 
0,4,1,1,1,6,12 
0,4,1,1,1,6,13 
0,4,1,1,1,6,14 
0,4,1,1,1,6,15 
0,5,1,1,1,6,1 
0,5,1,1,1,6,2 
0,5,1,1,1,6,3 
0,5,1,1,1,6,4 
0,5,1,1,1,6,5 
0,5,1,1,1,6,6 
0,5,1,1,1,6,7 
21693,5,1,1,1,6,8 
0,5,1,1,1,6,9 
0,5,1,1,1,6,10 
0,5,1,1,1,6,11 
0,5,1,1,1,6,12 
0,5,1,1,1,6,13 
0,5,1,1,1,6,14 
0,5,1,1,1,6,15 
0,6,1,1,1,6,1 
0,6,1,1,1,6,2 
0,6,1,1,1,6,3 
0,6,1,1,1,6,4 
0,6,1,1,1,6,5 
0,6,1,1,1,6,6 
0,6,1,1,1,6,7 
61624,6,1,1,1,6,8 
0,6,1,1,1,6,9 
0,6,1,1,1,6,10 
0,6,1,1,1,6,11 
0,6,1,1,1,6,12 
0,6,1,1,1,6,13 
0,6,1,1,1,6,14 
0,6,1,1,1,6,15 
0,7,1,1,1,6,1 
0,7,1,1,1,6,2 
0,7,1,1,1,6,3 
0,7,1,1,1,6,4 
0,7,1,1,1,6,5 
0,7,1,1,1,6,6 
24180,7,1,1,1,6,7 
0,7,1,1,1,6,8 
0,7,1,1,1,6,9 
0,7,1,1,1,6,10 
0,7,1,1,1,6,11 
0,7,1,1,1,6,12 
0,7,1,1,1,6,13 
0,7,1,1,1,6,14 
0,7,1,1,1,6,15 
0,8,1,1,1,6,1 
0,8,1,1,1,6,2 
0,8,1,1,1,6,3 
0,8,1,1,1,6,4 
0,8,1,1,1,6,5 
0,8,1,1,1,6,6 
16785,8,1,1,1,6,7 
0,8,1,1,1,6,8 
0,8,1,1,1,6,9 
0,8,1,1,1,6,10 
0,8,1,1,1,6,11 
0,8,1,1,1,6,12 
0,8,1,1,1,6,13 
0,8,1,1,1,6,14 
0,8,1,1,1,6,15 
0,9,1,1,1,6,1 
0,9,1,1,1,6,2 
0,9,1,1,1,6,3 
0,9,1,1,1,6,4 
0,9,1,1,1,6,5 
0,9,1,1,1,6,6 
16153,9,1,1,1,6,7 
786,9,1,1,1,6,8 
0,9,1,1,1,6,9 
0,9,1,1,1,6,10 
0,9,1,1,1,6,11 
0,9,1,1,1,6,12 
0,9,1,1,1,6,13 
0,9,1,1,1,6,14 
0,9,1,1,1,6,15 
0,10,1,1,1,6,1 
17271,10,1,1,1,6,2 
0,10,1,1,1,6,3 
0,10,1,1,1,6,4 
0,10,1,1,1,6,5 
0,10,1,1,1,6,6 
0,10,1,1,1,6,7 
0,10,1,1,1,6,8 
0,10,1,1,1,6,9 
0,10,1,1,1,6,10 
0,10,1,1,1,6,11 
0,10,1,1,1,6,12 
0,10,1,1,1,6,13 
0,10,1,1,1,6,14 
0,10,1,1,1,6,15 
0,1,2,1,1,10,1 
0,1,2,1,1,10,2 
0,1,2,1,1,10,3 
0,1,2,1,1,10,4 
0,1,2,1,1,10,5 
0,1,2,1,1,10,6 
0,1,2,1,1,10,7 
0,1,2,1,1,10,8 
414,1,2,1,1,10,9 
0,1,2,1,1,10,10 
0,1,2,1,1,10,11 
0,1,2,1,1,10,12 
0,1,2,1,1,10,13 
0,1,2,1,1,10,14 
0,1,2,1,1,10,15 
0,2,2,1,1,10,1 
0,2,2,1,1,10,2 
1658,2,2,1,1,10,3 
0,2,2,1,1,10,4 
0,2,2,1,1,10,5 
0,2,2,1,1,10,6 
0,2,2,1,1,10,7 
0,2,2,1,1,10,8 
0,2,2,1,1,10,9 
0,2,2,1,1,10,10 
0,2,2,1,1,10,11 
0,2,2,1,1,10,12 
0,2,2,1,1,10,13 
0,2,2,1,1,10,14 
0,2,2,1,1,10,15 
0,3,2,1,1,10,1 
0,3,2,1,1,10,2 
0,3,2,1,1,10,3 
0,3,2,1,1,10,4 
0,3,2,1,1,10,5 
0,3,2,1,1,10,6 
0,3,2,1,1,10,7 
0,3,2,1,1,10,8 
6771,3,2,1,1,10,9 
0,3,2,1,1,10,10 
0,3,2,1,1,10,11 
0,3,2,1,1,10,12 
0,3,2,1,1,10,13 
0,3,2,1,1,10,14 
0,3,2,1,1,10,15 
5387,4,2,1,1,10,1 
0,4,2,1,1,10,2 
0,4,2,1,1,10,3 
0,4,2,1,1,10,4 
0,4,2,1,1,10,5 
0,4,2,1,1,10,6 
0,4,2,1,1,10,7 
0,4,2,1,1,10,8 
0,4,2,1,1,10,9 
0,4,2,1,1,10,10 
0,4,2,1,1,10,11 
0,4,2,1,1,10,12 
0,4,2,1,1,10,13 
0,4,2,1,1,10,14 
0,4,2,1,1,10,15 
7876,5,2,1,1,10,1 
0,5,2,1,1,10,2 
0,5,2,1,1,10,3 
0,5,2,1,1,10,4 
0,5,2,1,1,10,5 
0,5,2,1,1,10,6 
0,5,2,1,1,10,7 
0,5,2,1,1,10,8 
0,5,2,1,1,10,9 
0,5,2,1,1,10,10 
0,5,2,1,1,10,11 
0,5,2,1,1,10,12 
0,5,2,1,1,10,13 
0,5,2,1,1,10,14 
0,5,2,1,1,10,15 
3597,6,2,1,1,10,1 
0,6,2,1,1,10,2 
1930,6,2,1,1,10,3 
0,6,2,1,1,10,4 
0,6,2,1,1,10,5 
0,6,2,1,1,10,6 
0,6,2,1,1,10,7 
0,6,2,1,1,10,8 
0,6,2,1,1,10,9 
0,6,2,1,1,10,10 
0,6,2,1,1,10,11 
0,6,2,1,1,10,12 
0,6,2,1,1,10,13 
0,6,2,1,1,10,14 
0,6,2,1,1,10,15 
6494,7,2,1,1,10,1 
0,7,2,1,1,10,2 
0,7,2,1,1,10,3 
0,7,2,1,1,10,4 
0,7,2,1,1,10,5 
0,7,2,1,1,10,6 
0,7,2,1,1,10,7 
0,7,2,1,1,10,8 
0,7,2,1,1,10,9 
0,7,2,1,1,10,10 
0,7,2,1,1,10,11 
0,7,2,1,1,10,12 
0,7,2,1,1,10,13 
0,7,2,1,1,10,14 
0,7,2,1,1,10,15 
0,8,2,1,1,10,1 
0,8,2,1,1,10,2 
10802,8,2,1,1,10,3 
0,8,2,1,1,10,4 
0,8,2,1,1,10,5 
0,8,2,1,1,10,6 
0,8,2,1,1,10,7 
0,8,2,1,1,10,8 
4444,8,2,1,1,10,9 
0,8,2,1,1,10,10 
0,8,2,1,1,10,11 
0,8,2,1,1,10,12 
12499,8,2,1,1,10,13 
0,8,2,1,1,10,14 
0,8,2,1,1,10,15 
9724,9,2,1,1,10,1 
0,9,2,1,1,10,2 
0,9,2,1,1,10,3 
0,9,2,1,1,10,4 
0,9,2,1,1,10,5 
0,9,2,1,1,10,6 
0,9,2,1,1,10,7 
0,9,2,1,1,10,8 
11416,9,2,1,1,10,9 
0,9,2,1,1,10,10 
0,9,2,1,1,10,11 
0,9,2,1,1,10,12 
0,9,2,1,1,10,13 
0,9,2,1,1,10,14 
0,9,2,1,1,10,15 
0,10,2,1,1,10,1 
0,10,2,1,1,10,2 
0,10,2,1,1,10,3 
0,10,2,1,1,10,4 
0,10,2,1,1,10,5 
0,10,2,1,1,10,6 
0,10,2,1,1,10,7 
0,10,2,1,1,10,8 
3178,10,2,1,1,10,9 
0,10,2,1,1,10,10 
0,10,2,1,1,10,11 
0,10,2,1,1,10,12 
0,10,2,1,1,10,13 
0,10,2,1,1,10,14 
0,10,2,1,1,10,15 
0,1,3,1,1,10,1 
0,1,3,1,1,10,2 
0,1,3,1,1,10,3 
0,1,3,1,1,10,4 
0,1,3,1,1,10,5 
0,1,3,1,1,10,6 
12988,1,3,1,1,10,7 
0,1,3,1,1,10,8 
0,1,3,1,1,10,9 
0,1,3,1,1,10,10 
0,1,3,1,1,10,11 
0,1,3,1,1,10,12 
0,1,3,1,1,10,13 
0,1,3,1,1,10,14 
0,1,3,1,1,10,15 
0,2,3,1,1,10,1 
0,2,3,1,1,10,2 
0,2,3,1,1,10,3 
0,2,3,1,1,10,4 
4006,2,3,1,1,10,5 
0,2,3,1,1,10,6 
0,2,3,1,1,10,7 
0,2,3,1,1,10,8 
0,2,3,1,1,10,9 
0,2,3,1,1,10,10 
0,2,3,1,1,10,11 
0,2,3,1,1,10,12 
0,2,3,1,1,10,13 
0,2,3,1,1,10,14 
0,2,3,1,1,10,15 
0,3,3,1,1,10,1 
0,3,3,1,1,10,2 
0,3,3,1,1,10,3 
0,3,3,1,1,10,4 
15045,3,3,1,1,10,5 
0,3,3,1,1,10,6 
0,3,3,1,1,10,7 
0,3,3,1,1,10,8 
0,3,3,1,1,10,9 
0,3,3,1,1,10,10 
0,3,3,1,1,10,11 
0,3,3,1,1,10,12 
0,3,3,1,1,10,13 
13694,3,3,1,1,10,14 
0,3,3,1,1,10,15 
0,4,3,1,1,10,1 
0,4,3,1,1,10,2 
0,4,3,1,1,10,3 
0,4,3,1,1,10,4 
0,4,3,1,1,10,5 
0,4,3,1,1,10,6 
0,4,3,1,1,10,7 
0,4,3,1,1,10,8 
0,4,3,1,1,10,9 
0,4,3,1,1,10,10 
0,4,3,1,1,10,11 
0,4,3,1,1,10,12 
0,4,3,1,1,10,13 
5942,4,3,1,1,10,14 
0,4,3,1,1,10,15 
0,5,3,1,1,10,1 
0,5,3,1,1,10,2 
0,5,3,1,1,10,3 
0,5,3,1,1,10,4 
0,5,3,1,1,10,5 
0,5,3,1,1,10,6 
1244,5,3,1,1,10,7 
0,5,3,1,1,10,8 
0,5,3,1,1,10,9 
0,5,3,1,1,10,10 
0,5,3,1,1,10,11 
0,5,3,1,1,10,12 
0,5,3,1,1,10,13 
0,5,3,1,1,10,14 
0,5,3,1,1,10,15 
0,6,3,1,1,10,1 
0,6,3,1,1,10,2 
0,6,3,1,1,10,3 
0,6,3,1,1,10,4 
0,6,3,1,1,10,5 
0,6,3,1,1,10,6 
4974,6,3,1,1,10,7 
0,6,3,1,1,10,8 
0,6,3,1,1,10,9 
0,6,3,1,1,10,10 
0,6,3,1,1,10,11 
0,6,3,1,1,10,12 
0,6,3,1,1,10,13 
0,6,3,1,1,10,14 
0,6,3,1,1,10,15 
0,7,3,1,1,10,1 
0,7,3,1,1,10,2 
0,7,3,1,1,10,3 
0,7,3,1,1,10,4 
0,7,3,1,1,10,5 
0,7,3,1,1,10,6 
0,7,3,1,1,10,7 
0,7,3,1,1,10,8 
0,7,3,1,1,10,9 
0,7,3,1,1,10,10 
0,7,3,1,1,10,11 
25000,7,3,1,1,10,12 
0,7,3,1,1,10,13 
9820,7,3,1,1,10,14 
0,7,3,1,1,10,15 
0,8,3,1,1,10,1 
0,8,3,1,1,10,2 
0,8,3,1,1,10,3 
0,8,3,1,1,10,4 
64,8,3,1,1,10,5 
0,8,3,1,1,10,6 
0,8,3,1,1,10,7 
0,8,3,1,1,10,8 
0,8,3,1,1,10,9 
0,8,3,1,1,10,10 
0,8,3,1,1,10,11 
0,8,3,1,1,10,12 
0,8,3,1,1,10,13 
0,8,3,1,1,10,14 
0,8,3,1,1,10,15 
0,9,3,1,1,10,1 
0,9,3,1,1,10,2 
0,9,3,1,1,10,3 
0,9,3,1,1,10,4 
0,9,3,1,1,10,5 
0,9,3,1,1,10,6 
12232,9,3,1,1,10,7 
0,9,3,1,1,10,8 
0,9,3,1,1,10,9 
0,9,3,1,1,10,10 
0,9,3,1,1,10,11 
0,9,3,1,1,10,12 
0,9,3,1,1,10,13 
0,9,3,1,1,10,14 
0,9,3,1,1,10,15 
0,10,3,1,1,10,1 
0,10,3,1,1,10,2 
0,10,3,1,1,10,3 
0,10,3,1,1,10,4 
6407,10,3,1,1,10,5 
0,10,3,1,1,10,6 
7310,10,3,1,1,10,7 
0,10,3,1,1,10,8 
0,10,3,1,1,10,9 
0,10,3,1,1,10,10 
0,10,3,1,1,10,11 
0,10,3,1,1,10,12 
0,10,3,1,1,10,13 
0,10,3,1,1,10,14 
0,10,3,1,1,10,15 
0,1,1,1,1,7,1 
0,1,1,1,1,7,2 
0,1,1,1,1,7,3 
0,1,1,1,1,7,4 
0,1,1,1,1,7,5 
0,1,1,1,1,7,6 
0,1,1,1,1,7,7 
0,1,1,1,1,7,8 
0,1,1,1,1,7,9 
0,1,1,1,1,7,10 
0,1,1,1,1,7,11 
0,1,1,1,1,7,12 
0,1,1,1,1,7,13 
819,1,1,1,1,7,14 
0,1,1,1,1,7,15 
0,2,1,1,1,7,1 
41437,2,1,1,1,7,2 
0,2,1,1,1,7,3 
0,2,1,1,1,7,4 
0,2,1,1,1,7,5 
110827,2,1,1,1,7,6 
0,2,1,1,1,7,7 
0,2,1,1,1,7,8 
0,2,1,1,1,7,9 
0,2,1,1,1,7,10 
0,2,1,1,1,7,11 
0,2,1,1,1,7,12 
0,2,1,1,1,7,13 
0,2,1,1,1,7,14 
0,2,1,1,1,7,15 
0,3,1,1,1,7,1 
13378,3,1,1,1,7,2 
0,3,1,1,1,7,3 
0,3,1,1,1,7,4 
0,3,1,1,1,7,5 
0,3,1,1,1,7,6 
0,3,1,1,1,7,7 
0,3,1,1,1,7,8 
0,3,1,1,1,7,9 
0,3,1,1,1,7,10 
0,3,1,1,1,7,11 
0,3,1,1,1,7,12 
49997,3,1,1,1,7,13 
7228,3,1,1,1,7,14 
0,3,1,1,1,7,15 
0,4,1,1,1,7,1 
9999,4,1,1,1,7,2 
0,4,1,1,1,7,3 
0,4,1,1,1,7,4 
0,4,1,1,1,7,5 
8375,4,1,1,1,7,6 
0,4,1,1,1,7,7 
0,4,1,1,1,7,8 
0,4,1,1,1,7,9 
0,4,1,1,1,7,10 
0,4,1,1,1,7,11 
0,4,1,1,1,7,12 
0,4,1,1,1,7,13 
6945,4,1,1,1,7,14 
0,4,1,1,1,7,15 
0,5,1,1,1,7,1 
0,5,1,1,1,7,2 
0,5,1,1,1,7,3 
0,5,1,1,1,7,4 
0,5,1,1,1,7,5 
0,5,1,1,1,7,6 
0,5,1,1,1,7,7 
0,5,1,1,1,7,8 
0,5,1,1,1,7,9 
0,5,1,1,1,7,10 
0,5,1,1,1,7,11 
0,5,1,1,1,7,12 
0,5,1,1,1,7,13 
21693,5,1,1,1,7,14 
0,5,1,1,1,7,15 
0,6,1,1,1,7,1 
0,6,1,1,1,7,2 
0,6,1,1,1,7,3 
0,6,1,1,1,7,4 
0,6,1,1,1,7,5 
0,6,1,1,1,7,6 
0,6,1,1,1,7,7 
0,6,1,1,1,7,8 
0,6,1,1,1,7,9 
0,6,1,1,1,7,10 
0,6,1,1,1,7,11 
0,6,1,1,1,7,12 
61624,6,1,1,1,7,13 
0,6,1,1,1,7,14 
0,6,1,1,1,7,15 
0,7,1,1,1,7,1 
10801,7,1,1,1,7,2 
0,7,1,1,1,7,3 
0,7,1,1,1,7,4 
0,7,1,1,1,7,5 
0,7,1,1,1,7,6 
0,7,1,1,1,7,7 
0,7,1,1,1,7,8 
0,7,1,1,1,7,9 
0,7,1,1,1,7,10 
0,7,1,1,1,7,11 
0,7,1,1,1,7,12 
13378,7,1,1,1,7,13 
0,7,1,1,1,7,14 
0,7,1,1,1,7,15 
0,8,1,1,1,7,1 
0,8,1,1,1,7,2 
0,8,1,1,1,7,3 
0,8,1,1,1,7,4 
0,8,1,1,1,7,5 
0,8,1,1,1,7,6 
0,8,1,1,1,7,7 
0,8,1,1,1,7,8 
0,8,1,1,1,7,9 
0,8,1,1,1,7,10 
0,8,1,1,1,7,11 
0,8,1,1,1,7,12 
0,8,1,1,1,7,13 
16786,8,1,1,1,7,14 
0,8,1,1,1,7,15 
0,9,1,1,1,7,1 
0,9,1,1,1,7,2 
0,9,1,1,1,7,3 
0,9,1,1,1,7,4 
0,9,1,1,1,7,5 
0,9,1,1,1,7,6 
0,9,1,1,1,7,7 
0,9,1,1,1,7,8 
0,9,1,1,1,7,9 
0,9,1,1,1,7,10 
0,9,1,1,1,7,11 
0,9,1,1,1,7,12 
0,9,1,1,1,7,13 
16940,9,1,1,1,7,14 
0,9,1,1,1,7,15 
0,10,1,1,1,7,1 
0,10,1,1,1,7,2 
0,10,1,1,1,7,3 
0,10,1,1,1,7,4 
0,10,1,1,1,7,5 
0,10,1,1,1,7,6 
0,10,1,1,1,7,7 
0,10,1,1,1,7,8 
0,10,1,1,1,7,9 
0,10,1,1,1,7,10 
0,10,1,1,1,7,11 
0,10,1,1,1,7,12 
0,10,1,1,1,7,13 
17271,10,1,1,1,7,14 
0,10,1,1,1,7,15 
0,1,2,1,1,10,1 
0,1,2,1,1,10,2 
0,1,2,1,1,10,3 
0,1,2,1,1,10,4 
0,1,2,1,1,10,5 
0,1,2,1,1,10,6 
0,1,2,1,1,10,7 
0,1,2,1,1,10,8 
414,1,2,1,1,10,9 
0,1,2,1,1,10,10 
0,1,2,1,1,10,11 
0,1,2,1,1,10,12 
0,1,2,1,1,10,13 
0,1,2,1,1,10,14 
0,1,2,1,1,10,15 
0,2,2,1,1,10,1 
0,2,2,1,1,10,2 
1658,2,2,1,1,10,3 
0,2,2,1,1,10,4 
0,2,2,1,1,10,5 
0,2,2,1,1,10,6 
0,2,2,1,1,10,7 
0,2,2,1,1,10,8 
0,2,2,1,1,10,9 
0,2,2,1,1,10,10 
0,2,2,1,1,10,11 
0,2,2,1,1,10,12 
0,2,2,1,1,10,13 
0,2,2,1,1,10,14 
0,2,2,1,1,10,15 
0,3,2,1,1,10,1 
0,3,2,1,1,10,2 
0,3,2,1,1,10,3 
0,3,2,1,1,10,4 
0,3,2,1,1,10,5 
0,3,2,1,1,10,6 
0,3,2,1,1,10,7 
0,3,2,1,1,10,8 
6771,3,2,1,1,10,9 
0,3,2,1,1,10,10 
0,3,2,1,1,10,11 
0,3,2,1,1,10,12 
0,3,2,1,1,10,13 
0,3,2,1,1,10,14 
0,3,2,1,1,10,15 
5387,4,2,1,1,10,1 
0,4,2,1,1,10,2 
0,4,2,1,1,10,3 
0,4,2,1,1,10,4 
0,4,2,1,1,10,5 
0,4,2,1,1,10,6 
0,4,2,1,1,10,7 
0,4,2,1,1,10,8 
0,4,2,1,1,10,9 
0,4,2,1,1,10,10 
0,4,2,1,1,10,11 
0,4,2,1,1,10,12 
0,4,2,1,1,10,13 
0,4,2,1,1,10,14 
0,4,2,1,1,10,15 
7876,5,2,1,1,10,1 
0,5,2,1,1,10,2 
0,5,2,1,1,10,3 
0,5,2,1,1,10,4 
0,5,2,1,1,10,5 
0,5,2,1,1,10,6 
0,5,2,1,1,10,7 
0,5,2,1,1,10,8 
0,5,2,1,1,10,9 
0,5,2,1,1,10,10 
0,5,2,1,1,10,11 
0,5,2,1,1,10,12 
0,5,2,1,1,10,13 
0,5,2,1,1,10,14 
0,5,2,1,1,10,15 
3597,6,2,1,1,10,1 
0,6,2,1,1,10,2 
1930,6,2,1,1,10,3 
0,6,2,1,1,10,4 
0,6,2,1,1,10,5 
0,6,2,1,1,10,6 
0,6,2,1,1,10,7 
0,6,2,1,1,10,8 
0,6,2,1,1,10,9 
0,6,2,1,1,10,10 
0,6,2,1,1,10,11 
0,6,2,1,1,10,12 
0,6,2,1,1,10,13 
0,6,2,1,1,10,14 
0,6,2,1,1,10,15 
6494,7,2,1,1,10,1 
0,7,2,1,1,10,2 
0,7,2,1,1,10,3 
0,7,2,1,1,10,4 
0,7,2,1,1,10,5 
0,7,2,1,1,10,6 
0,7,2,1,1,10,7 
0,7,2,1,1,10,8 
0,7,2,1,1,10,9 
0,7,2,1,1,10,10 
0,7,2,1,1,10,11 
0,7,2,1,1,10,12 
0,7,2,1,1,10,13 
0,7,2,1,1,10,14 
0,7,2,1,1,10,15 
0,8,2,1,1,10,1 
0,8,2,1,1,10,2 
10802,8,2,1,1,10,3 
0,8,2,1,1,10,4 
0,8,2,1,1,10,5 
0,8,2,1,1,10,6 
0,8,2,1,1,10,7 
0,8,2,1,1,10,8 
4444,8,2,1,1,10,9 
0,8,2,1,1,10,10 
0,8,2,1,1,10,11 
0,8,2,1,1,10,12 
12499,8,2,1,1,10,13 
0,8,2,1,1,10,14 
0,8,2,1,1,10,15 
9724,9,2,1,1,10,1 
0,9,2,1,1,10,2 
0,9,2,1,1,10,3 
0,9,2,1,1,10,4 
0,9,2,1,1,10,5 
0,9,2,1,1,10,6 
0,9,2,1,1,10,7 
0,9,2,1,1,10,8 
11416,9,2,1,1,10,9 
0,9,2,1,1,10,10 
0,9,2,1,1,10,11 
0,9,2,1,1,10,12 
0,9,2,1,1,10,13 
0,9,2,1,1,10,14 
0,9,2,1,1,10,15 
0,10,2,1,1,10,1 
0,10,2,1,1,10,2 
0,10,2,1,1,10,3 
0,10,2,1,1,10,4 
0,10,2,1,1,10,5 
0,10,2,1,1,10,6 
0,10,2,1,1,10,7 
0,10,2,1,1,10,8 
3178,10,2,1,1,10,9 
0,10,2,1,1,10,10 
0,10,2,1,1,10,11 
0,10,2,1,1,10,12 
0,10,2,1,1,10,13 
0,10,2,1,1,10,14 
0,10,2,1,1,10,15 
0,1,3,1,1,10,1 
0,1,3,1,1,10,2 
0,1,3,1,1,10,3 
0,1,3,1,1,10,4 
0,1,3,1,1,10,5 
0,1,3,1,1,10,6 
12988,1,3,1,1,10,7 
0,1,3,1,1,10,8 
0,1,3,1,1,10,9 
0,1,3,1,1,10,10 
0,1,3,1,1,10,11 
0,1,3,1,1,10,12 
0,1,3,1,1,10,13 
0,1,3,1,1,10,14 
0,1,3,1,1,10,15 
0,2,3,1,1,10,1 
0,2,3,1,1,10,2 
0,2,3,1,1,10,3 
0,2,3,1,1,10,4 
4006,2,3,1,1,10,5 
0,2,3,1,1,10,6 
0,2,3,1,1,10,7 
0,2,3,1,1,10,8 
0,2,3,1,1,10,9 
0,2,3,1,1,10,10 
0,2,3,1,1,10,11 
0,2,3,1,1,10,12 
0,2,3,1,1,10,13 
0,2,3,1,1,10,14 
0,2,3,1,1,10,15 
0,3,3,1,1,10,1 
0,3,3,1,1,10,2 
0,3,3,1,1,10,3 
0,3,3,1,1,10,4 
15045,3,3,1,1,10,5 
0,3,3,1,1,10,6 
0,3,3,1,1,10,7 
0,3,3,1,1,10,8 
0,3,3,1,1,10,9 
0,3,3,1,1,10,10 
0,3,3,1,1,10,11 
0,3,3,1,1,10,12 
0,3,3,1,1,10,13 
13694,3,3,1,1,10,14 
0,3,3,1,1,10,15 
0,4,3,1,1,10,1 
0,4,3,1,1,10,2 
0,4,3,1,1,10,3 
0,4,3,1,1,10,4 
0,4,3,1,1,10,5 
0,4,3,1,1,10,6 
0,4,3,1,1,10,7 
0,4,3,1,1,10,8 
0,4,3,1,1,10,9 
0,4,3,1,1,10,10 
0,4,3,1,1,10,11 
0,4,3,1,1,10,12 
0,4,3,1,1,10,13 
5942,4,3,1,1,10,14 
0,4,3,1,1,10,15 
0,5,3,1,1,10,1 
0,5,3,1,1,10,2 
0,5,3,1,1,10,3 
0,5,3,1,1,10,4 
0,5,3,1,1,10,5 
0,5,3,1,1,10,6 
1244,5,3,1,1,10,7 
0,5,3,1,1,10,8 
0,5,3,1,1,10,9 
0,5,3,1,1,10,10 
0,5,3,1,1,10,11 
0,5,3,1,1,10,12 
0,5,3,1,1,10,13 
0,5,3,1,1,10,14 
0,5,3,1,1,10,15 
0,6,3,1,1,10,1 
0,6,3,1,1,10,2 
0,6,3,1,1,10,3 
0,6,3,1,1,10,4 
0,6,3,1,1,10,5 
0,6,3,1,1,10,6 
4974,6,3,1,1,10,7 
0,6,3,1,1,10,8 
0,6,3,1,1,10,9 
0,6,3,1,1,10,10 
0,6,3,1,1,10,11 
0,6,3,1,1,10,12 
0,6,3,1,1,10,13 
0,6,3,1,1,10,14 
0,6,3,1,1,10,15 
0,7,3,1,1,10,1 
0,7,3,1,1,10,2 
0,7,3,1,1,10,3 
0,7,3,1,1,10,4 
0,7,3,1,1,10,5 
0,7,3,1,1,10,6 
0,7,3,1,1,10,7 
0,7,3,1,1,10,8 
0,7,3,1,1,10,9 
0,7,3,1,1,10,10 
0,7,3,1,1,10,11 
25000,7,3,1,1,10,12 
0,7,3,1,1,10,13 
9820,7,3,1,1,10,14 
0,7,3,1,1,10,15 
0,8,3,1,1,10,1 
0,8,3,1,1,10,2 
0,8,3,1,1,10,3 
0,8,3,1,1,10,4 
64,8,3,1,1,10,5 
0,8,3,1,1,10,6 
0,8,3,1,1,10,7 
0,8,3,1,1,10,8 
0,8,3,1,1,10,9 
0,8,3,1,1,10,10 
0,8,3,1,1,10,11 
0,8,3,1,1,10,12 
0,8,3,1,1,10,13 
0,8,3,1,1,10,14 
0,8,3,1,1,10,15 
0,9,3,1,1,10,1 
0,9,3,1,1,10,2 
0,9,3,1,1,10,3 
0,9,3,1,1,10,4 
0,9,3,1,1,10,5 
0,9,3,1,1,10,6 
12232,9,3,1,1,10,7 
0,9,3,1,1,10,8 
0,9,3,1,1,10,9 
0,9,3,1,1,10,10 
0,9,3,1,1,10,11 
0,9,3,1,1,10,12 
0,9,3,1,1,10,13 
0,9,3,1,1,10,14 
0,9,3,1,1,10,15 
0,10,3,1,1,10,1 
0,10,3,1,1,10,2 
0,10,3,1,1,10,3 
0,10,3,1,1,10,4 
6407,10,3,1,1,10,5 
0,10,3,1,1,10,6 
7310,10,3,1,1,10,7 
0,10,3,1,1,10,8 
0,10,3,1,1,10,9 
0,10,3,1,1,10,10 
0,10,3,1,1,10,11 
0,10,3,1,1,10,12 
0,10,3,1,1,10,13 
0,10,3,1,1,10,14 
0,10,3,1,1,10,15 
0,1,1,1,1,8,1 
0,1,1,1,1,8,2 
0,1,1,1,1,8,3 
0,1,1,1,1,8,4 
0,1,1,1,1,8,5 
0,1,1,1,1,8,6 
0,1,1,1,1,8,7 
0,1,1,1,1,8,8 
0,1,1,1,1,8,9 
0,1,1,1,1,8,10 
0,1,1,1,1,8,11 
0,1,1,1,1,8,12 
0,1,1,1,1,8,13 
819,1,1,1,1,8,14 
0,1,1,1,1,8,15 
0,2,1,1,1,8,1 
0,2,1,1,1,8,2 
0,2,1,1,1,8,3 
0,2,1,1,1,8,4 
0,2,1,1,1,8,5 
0,2,1,1,1,8,6 
72526,2,1,1,1,8,7 
0,2,1,1,1,8,8 
0,2,1,1,1,8,9 
9698,2,1,1,1,8,10 
0,2,1,1,1,8,11 
0,2,1,1,1,8,12 
0,2,1,1,1,8,13 
70039,2,1,1,1,8,14 
0,2,1,1,1,8,15 
0,3,1,1,1,8,1 
0,3,1,1,1,8,2 
0,3,1,1,1,8,3 
0,3,1,1,1,8,4 
0,3,1,1,1,8,5 
0,3,1,1,1,8,6 
70604,3,1,1,1,8,7 
0,3,1,1,1,8,8 
0,3,1,1,1,8,9 
0,3,1,1,1,8,10 
0,3,1,1,1,8,11 
0,3,1,1,1,8,12 
0,3,1,1,1,8,13 
0,3,1,1,1,8,14 
0,3,1,1,1,8,15 
0,4,1,1,1,8,1 
0,4,1,1,1,8,2 
0,4,1,1,1,8,3 
0,4,1,1,1,8,4 
0,4,1,1,1,8,5 
5724,4,1,1,1,8,6 
0,4,1,1,1,8,7 
0,4,1,1,1,8,8 
0,4,1,1,1,8,9 
23545,4,1,1,1,8,10 
0,4,1,1,1,8,11 
0,4,1,1,1,8,12 
0,4,1,1,1,8,13 
0,4,1,1,1,8,14 
0,4,1,1,1,8,15 
0,5,1,1,1,8,1 
0,5,1,1,1,8,2 
0,5,1,1,1,8,3 
0,5,1,1,1,8,4 
0,5,1,1,1,8,5 
21693,5,1,1,1,8,6 
0,5,1,1,1,8,7 
0,5,1,1,1,8,8 
0,5,1,1,1,8,9 
0,5,1,1,1,8,10 
0,5,1,1,1,8,11 
0,5,1,1,1,8,12 
0,5,1,1,1,8,13 
0,5,1,1,1,8,14 
0,5,1,1,1,8,15 
0,6,1,1,1,8,1 
0,6,1,1,1,8,2 
0,6,1,1,1,8,3 
0,6,1,1,1,8,4 
0,6,1,1,1,8,5 
0,6,1,1,1,8,6 
0,6,1,1,1,8,7 
0,6,1,1,1,8,8 
0,6,1,1,1,8,9 
0,6,1,1,1,8,10 
0,6,1,1,1,8,11 
0,6,1,1,1,8,12 
0,6,1,1,1,8,13 
61624,6,1,1,1,8,14 
0,6,1,1,1,8,15 
0,7,1,1,1,8,1 
0,7,1,1,1,8,2 
0,7,1,1,1,8,3 
0,7,1,1,1,8,4 
0,7,1,1,1,8,5 
17428,7,1,1,1,8,6 
0,7,1,1,1,8,7 
0,7,1,1,1,8,8 
0,7,1,1,1,8,9 
0,7,1,1,1,8,10 
0,7,1,1,1,8,11 
0,7,1,1,1,8,12 
0,7,1,1,1,8,13 
6751,7,1,1,1,8,14 
0,7,1,1,1,8,15 
0,8,1,1,1,8,1 
0,8,1,1,1,8,2 
0,8,1,1,1,8,3 
0,8,1,1,1,8,4 
0,8,1,1,1,8,5 
16786,8,1,1,1,8,6 
0,8,1,1,1,8,7 
0,8,1,1,1,8,8 
0,8,1,1,1,8,9 
0,8,1,1,1,8,10 
0,8,1,1,1,8,11 
0,8,1,1,1,8,12 
0,8,1,1,1,8,13 
0,8,1,1,1,8,14 
0,8,1,1,1,8,15 
0,9,1,1,1,8,1 
0,9,1,1,1,8,2 
0,9,1,1,1,8,3 
0,9,1,1,1,8,4 
0,9,1,1,1,8,5 
16940,9,1,1,1,8,6 
0,9,1,1,1,8,7 
0,9,1,1,1,8,8 
0,9,1,1,1,8,9 
0,9,1,1,1,8,10 
0,9,1,1,1,8,11 
0,9,1,1,1,8,12 
0,9,1,1,1,8,13 
0,9,1,1,1,8,14 
0,9,1,1,1,8,15 
0,10,1,1,1,8,1 
0,10,1,1,1,8,2 
0,10,1,1,1,8,3 
0,10,1,1,1,8,4 
0,10,1,1,1,8,5 
17271,10,1,1,1,8,6 
0,10,1,1,1,8,7 
0,10,1,1,1,8,8 
0,10,1,1,1,8,9 
0,10,1,1,1,8,10 
0,10,1,1,1,8,11 
0,10,1,1,1,8,12 
0,10,1,1,1,8,13 
0,10,1,1,1,8,14 
0,10,1,1,1,8,15 
0,1,2,1,1,10,1 
0,1,2,1,1,10,2 
0,1,2,1,1,10,3 
0,1,2,1,1,10,4 
0,1,2,1,1,10,5 
0,1,2,1,1,10,6 
0,1,2,1,1,10,7 
0,1,2,1,1,10,8 
414,1,2,1,1,10,9 
0,1,2,1,1,10,10 
0,1,2,1,1,10,11 
0,1,2,1,1,10,12 
0,1,2,1,1,10,13 
0,1,2,1,1,10,14 
0,1,2,1,1,10,15 
0,2,2,1,1,10,1 
0,2,2,1,1,10,2 
1658,2,2,1,1,10,3 
0,2,2,1,1,10,4 
0,2,2,1,1,10,5 
0,2,2,1,1,10,6 
0,2,2,1,1,10,7 
0,2,2,1,1,10,8 
0,2,2,1,1,10,9 
0,2,2,1,1,10,10 
0,2,2,1,1,10,11 
0,2,2,1,1,10,12 
0,2,2,1,1,10,13 
0,2,2,1,1,10,14 
0,2,2,1,1,10,15 
0,3,2,1,1,10,1 
0,3,2,1,1,10,2 
0,3,2,1,1,10,3 
0,3,2,1,1,10,4 
0,3,2,1,1,10,5 
0,3,2,1,1,10,6 
0,3,2,1,1,10,7 
0,3,2,1,1,10,8 
6771,3,2,1,1,10,9 
0,3,2,1,1,10,10 
0,3,2,1,1,10,11 
0,3,2,1,1,10,12 
0,3,2,1,1,10,13 
0,3,2,1,1,10,14 
0,3,2,1,1,10,15 
5387,4,2,1,1,10,1 
0,4,2,1,1,10,2 
0,4,2,1,1,10,3 
0,4,2,1,1,10,4 
0,4,2,1,1,10,5 
0,4,2,1,1,10,6 
0,4,2,1,1,10,7 
0,4,2,1,1,10,8 
0,4,2,1,1,10,9 
0,4,2,1,1,10,10 
0,4,2,1,1,10,11 
0,4,2,1,1,10,12 
0,4,2,1,1,10,13 
0,4,2,1,1,10,14 
0,4,2,1,1,10,15 
7876,5,2,1,1,10,1 
0,5,2,1,1,10,2 
0,5,2,1,1,10,3 
0,5,2,1,1,10,4 
0,5,2,1,1,10,5 
0,5,2,1,1,10,6 
0,5,2,1,1,10,7 
0,5,2,1,1,10,8 
0,5,2,1,1,10,9 
0,5,2,1,1,10,10 
0,5,2,1,1,10,11 
0,5,2,1,1,10,12 
0,5,2,1,1,10,13 
0,5,2,1,1,10,14 
0,5,2,1,1,10,15 
3597,6,2,1,1,10,1 
0,6,2,1,1,10,2 
1930,6,2,1,1,10,3 
0,6,2,1,1,10,4 
0,6,2,1,1,10,5 
0,6,2,1,1,10,6 
0,6,2,1,1,10,7 
0,6,2,1,1,10,8 
0,6,2,1,1,10,9 
0,6,2,1,1,10,10 
0,6,2,1,1,10,11 
0,6,2,1,1,10,12 
0,6,2,1,1,10,13 
0,6,2,1,1,10,14 
0,6,2,1,1,10,15 
6494,7,2,1,1,10,1 
0,7,2,1,1,10,2 
0,7,2,1,1,10,3 
0,7,2,1,1,10,4 
0,7,2,1,1,10,5 
0,7,2,1,1,10,6 
0,7,2,1,1,10,7 
0,7,2,1,1,10,8 
0,7,2,1,1,10,9 
0,7,2,1,1,10,10 
0,7,2,1,1,10,11 
0,7,2,1,1,10,12 
0,7,2,1,1,10,13 
0,7,2,1,1,10,14 
0,7,2,1,1,10,15 
0,8,2,1,1,10,1 
0,8,2,1,1,10,2 
10802,8,2,1,1,10,3 
0,8,2,1,1,10,4 
0,8,2,1,1,10,5 
0,8,2,1,1,10,6 
0,8,2,1,1,10,7 
0,8,2,1,1,10,8 
4444,8,2,1,1,10,9 
0,8,2,1,1,10,10 
0,8,2,1,1,10,11 
0,8,2,1,1,10,12 
12499,8,2,1,1,10,13 
0,8,2,1,1,10,14 
0,8,2,1,1,10,15 
9724,9,2,1,1,10,1 
0,9,2,1,1,10,2 
0,9,2,1,1,10,3 
0,9,2,1,1,10,4 
0,9,2,1,1,10,5 
0,9,2,1,1,10,6 
0,9,2,1,1,10,7 
0,9,2,1,1,10,8 
11416,9,2,1,1,10,9 
0,9,2,1,1,10,10 
0,9,2,1,1,10,11 
0,9,2,1,1,10,12 
0,9,2,1,1,10,13 
0,9,2,1,1,10,14 
0,9,2,1,1,10,15 
0,10,2,1,1,10,1 
0,10,2,1,1,10,2 
0,10,2,1,1,10,3 
0,10,2,1,1,10,4 
0,10,2,1,1,10,5 
0,10,2,1,1,10,6 
0,10,2,1,1,10,7 
0,10,2,1,1,10,8 
3178,10,2,1,1,10,9 
0,10,2,1,1,10,10 
0,10,2,1,1,10,11 
0,10,2,1,1,10,12 
0,10,2,1,1,10,13 
0,10,2,1,1,10,14 
0,10,2,1,1,10,15 
0,1,3,1,1,10,1 
0,1,3,1,1,10,2 
0,1,3,1,1,10,3 
0,1,3,1,1,10,4 
0,1,3,1,1,10,5 
0,1,3,1,1,10,6 
12988,1,3,1,1,10,7 
0,1,3,1,1,10,8 
0,1,3,1,1,10,9 
0,1,3,1,1,10,10 
0,1,3,1,1,10,11 
0,1,3,1,1,10,12 
0,1,3,1,1,10,13 
0,1,3,1,1,10,14 
0,1,3,1,1,10,15 
0,2,3,1,1,10,1 
0,2,3,1,1,10,2 
0,2,3,1,1,10,3 
0,2,3,1,1,10,4 
4006,2,3,1,1,10,5 
0,2,3,1,1,10,6 
0,2,3,1,1,10,7 
0,2,3,1,1,10,8 
0,2,3,1,1,10,9 
0,2,3,1,1,10,10 
0,2,3,1,1,10,11 
0,2,3,1,1,10,12 
0,2,3,1,1,10,13 
0,2,3,1,1,10,14 
0,2,3,1,1,10,15 
0,3,3,1,1,10,1 
0,3,3,1,1,10,2 
0,3,3,1,1,10,3 
0,3,3,1,1,10,4 
15045,3,3,1,1,10,5 
0,3,3,1,1,10,6 
0,3,3,1,1,10,7 
0,3,3,1,1,10,8 
0,3,3,1,1,10,9 
0,3,3,1,1,10,10 
0,3,3,1,1,10,11 
0,3,3,1,1,10,12 
0,3,3,1,1,10,13 
13694,3,3,1,1,10,14 
0,3,3,1,1,10,15 
0,4,3,1,1,10,1 
0,4,3,1,1,10,2 
0,4,3,1,1,10,3 
0,4,3,1,1,10,4 
0,4,3,1,1,10,5 
0,4,3,1,1,10,6 
0,4,3,1,1,10,7 
0,4,3,1,1,10,8 
0,4,3,1,1,10,9 
0,4,3,1,1,10,10 
0,4,3,1,1,10,11 
0,4,3,1,1,10,12 
0,4,3,1,1,10,13 
5942,4,3,1,1,10,14 
0,4,3,1,1,10,15 
0,5,3,1,1,10,1 
0,5,3,1,1,10,2 
0,5,3,1,1,10,3 
0,5,3,1,1,10,4 
0,5,3,1,1,10,5 
0,5,3,1,1,10,6 
1244,5,3,1,1,10,7 
0,5,3,1,1,10,8 
0,5,3,1,1,10,9 
0,5,3,1,1,10,10 
0,5,3,1,1,10,11 
0,5,3,1,1,10,12 
0,5,3,1,1,10,13 
0,5,3,1,1,10,14 
0,5,3,1,1,10,15 
0,6,3,1,1,10,1 
0,6,3,1,1,10,2 
0,6,3,1,1,10,3 
0,6,3,1,1,10,4 
0,6,3,1,1,10,5 
0,6,3,1,1,10,6 
4974,6,3,1,1,10,7 
0,6,3,1,1,10,8 
0,6,3,1,1,10,9 
0,6,3,1,1,10,10 
0,6,3,1,1,10,11 
0,6,3,1,1,10,12 
0,6,3,1,1,10,13 
0,6,3,1,1,10,14 
0,6,3,1,1,10,15 
0,7,3,1,1,10,1 
0,7,3,1,1,10,2 
0,7,3,1,1,10,3 
0,7,3,1,1,10,4 
0,7,3,1,1,10,5 
0,7,3,1,1,10,6 
0,7,3,1,1,10,7 
0,7,3,1,1,10,8 
0,7,3,1,1,10,9 
0,7,3,1,1,10,10 
0,7,3,1,1,10,11 
25000,7,3,1,1,10,12 
0,7,3,1,1,10,13 
9820,7,3,1,1,10,14 
0,7,3,1,1,10,15 
0,8,3,1,1,10,1 
0,8,3,1,1,10,2 
0,8,3,1,1,10,3 
0,8,3,1,1,10,4 
64,8,3,1,1,10,5 
0,8,3,1,1,10,6 
0,8,3,1,1,10,7 
0,8,3,1,1,10,8 
0,8,3,1,1,10,9 
0,8,3,1,1,10,10 
0,8,3,1,1,10,11 
0,8,3,1,1,10,12 
0,8,3,1,1,10,13 
0,8,3,1,1,10,14 
0,8,3,1,1,10,15 
0,9,3,1,1,10,1 
0,9,3,1,1,10,2 
0,9,3,1,1,10,3 
0,9,3,1,1,10,4 
0,9,3,1,1,10,5 
0,9,3,1,1,10,6 
12232,9,3,1,1,10,7 
0,9,3,1,1,10,8 
0,9,3,1,1,10,9 
0,9,3,1,1,10,10 
0,9,3,1,1,10,11 
0,9,3,1,1,10,12 
0,9,3,1,1,10,13 
0,9,3,1,1,10,14 
0,9,3,1,1,10,15 
0,10,3,1,1,10,1 
0,10,3,1,1,10,2 
0,10,3,1,1,10,3 
0,10,3,1,1,10,4 
6407,10,3,1,1,10,5 
0,10,3,1,1,10,6 
7310,10,3,1,1,10,7 
0,10,3,1,1,10,8 
0,10,3,1,1,10,9 
0,10,3,1,1,10,10 
0,10,3,1,1,10,11 
0,10,3,1,1,10,12 
0,10,3,1,1,10,13 
0,10,3,1,1,10,14 
0,10,3,1,1,10,15 
0,1,1,1,1,9,1 
819,1,1,1,1,9,2 
0,1,1,1,1,9,3 
0,1,1,1,1,9,4 
0,1,1,1,1,9,5 
0,1,1,1,1,9,6 
0,1,1,1,1,9,7 
0,1,1,1,1,9,8 
0,1,1,1,1,9,9 
0,1,1,1,1,9,10 
0,1,1,1,1,9,11 
0,1,1,1,1,9,12 
0,1,1,1,1,9,13 
0,1,1,1,1,9,14 
0,1,1,1,1,9,15 
0,2,1,1,1,9,1 
98862,2,1,1,1,9,2 
53402,2,1,1,1,9,3 
0,2,1,1,1,9,4 
0,2,1,1,1,9,5 
0,2,1,1,1,9,6 
0,2,1,1,1,9,7 
0,2,1,1,1,9,8 
0,2,1,1,1,9,9 
0,2,1,1,1,9,10 
0,2,1,1,1,9,11 
0,2,1,1,1,9,12 
0,2,1,1,1,9,13 
0,2,1,1,1,9,14 
0,2,1,1,1,9,15 
0,3,1,1,1,9,1 
0,3,1,1,1,9,2 
23323,3,1,1,1,9,3 
0,3,1,1,1,9,4 
0,3,1,1,1,9,5 
0,3,1,1,1,9,6 
0,3,1,1,1,9,7 
0,3,1,1,1,9,8 
0,3,1,1,1,9,9 
0,3,1,1,1,9,10 
0,3,1,1,1,9,11 
47281,3,1,1,1,9,12 
0,3,1,1,1,9,13 
0,3,1,1,1,9,14 
0,3,1,1,1,9,15 
0,4,1,1,1,9,1 
4269,4,1,1,1,9,2 
0,4,1,1,1,9,3 
0,4,1,1,1,9,4 
0,4,1,1,1,9,5 
0,4,1,1,1,9,6 
0,4,1,1,1,9,7 
0,4,1,1,1,9,8 
0,4,1,1,1,9,9 
0,4,1,1,1,9,10 
0,4,1,1,1,9,11 
0,4,1,1,1,9,12 
0,4,1,1,1,9,13 
0,4,1,1,1,9,14 
0,4,1,1,1,9,15 
0,5,1,1,1,9,1 
0,5,1,1,1,9,2 
0,5,1,1,1,9,3 
0,5,1,1,1,9,4 
0,5,1,1,1,9,5 
0,5,1,1,1,9,6 
0,5,1,1,1,9,7 
0,5,1,1,1,9,8 
0,5,1,1,1,9,9 
0,5,1,1,1,9,10 
0,5,1,1,1,9,11 
21693,5,1,1,1,9,12 
0,5,1,1,1,9,13 
0,5,1,1,1,9,14 
0,5,1,1,1,9,15 
0,6,1,1,1,9,1 
0,6,1,1,1,9,2 
61624,6,1,1,1,9,3 
0,6,1,1,1,9,4 
0,6,1,1,1,9,5 
0,6,1,1,1,9,6 
0,6,1,1,1,9,7 
0,6,1,1,1,9,8 
0,6,1,1,1,9,9 
0,6,1,1,1,9,10 
0,6,1,1,1,9,11 
0,6,1,1,1,9,12 
0,6,1,1,1,9,13 
0,6,1,1,1,9,14 
0,6,1,1,1,9,15 
0,7,1,1,1,9,1 
0,7,1,1,1,9,2 
0,7,1,1,1,9,3 
0,7,1,1,1,9,4 
0,7,1,1,1,9,5 
0,7,1,1,1,9,6 
0,7,1,1,1,9,7 
0,7,1,1,1,9,8 
0,7,1,1,1,9,9 
0,7,1,1,1,9,10 
0,7,1,1,1,9,11 
24180,7,1,1,1,9,12 
0,7,1,1,1,9,13 
0,7,1,1,1,9,14 
0,7,1,1,1,9,15 
0,8,1,1,1,9,1 
0,8,1,1,1,9,2 
0,8,1,1,1,9,3 
0,8,1,1,1,9,4 
0,8,1,1,1,9,5 
0,8,1,1,1,9,6 
0,8,1,1,1,9,7 
0,8,1,1,1,9,8 
0,8,1,1,1,9,9 
0,8,1,1,1,9,10 
0,8,1,1,1,9,11 
16785,8,1,1,1,9,12 
0,8,1,1,1,9,13 
0,8,1,1,1,9,14 
0,8,1,1,1,9,15 
0,9,1,1,1,9,1 
16940,9,1,1,1,9,2 
0,9,1,1,1,9,3 
0,9,1,1,1,9,4 
0,9,1,1,1,9,5 
0,9,1,1,1,9,6 
0,9,1,1,1,9,7 
0,9,1,1,1,9,8 
0,9,1,1,1,9,9 
0,9,1,1,1,9,10 
0,9,1,1,1,9,11 
0,9,1,1,1,9,12 
0,9,1,1,1,9,13 
0,9,1,1,1,9,14 
0,9,1,1,1,9,15 
0,10,1,1,1,9,1 
0,10,1,1,1,9,2 
0,10,1,1,1,9,3 
0,10,1,1,1,9,4 
0,10,1,1,1,9,5 
0,10,1,1,1,9,6 
0,10,1,1,1,9,7 
0,10,1,1,1,9,8 
0,10,1,1,1,9,9 
0,10,1,1,1,9,10 
0,10,1,1,1,9,11 
17271,10,1,1,1,9,12 
0,10,1,1,1,9,13 
0,10,1,1,1,9,14 
0,10,1,1,1,9,15 
0,1,2,1,1,10,1 
0,1,2,1,1,10,2 
0,1,2,1,1,10,3 
0,1,2,1,1,10,4 
0,1,2,1,1,10,5 
0,1,2,1,1,10,6 
0,1,2,1,1,10,7 
0,1,2,1,1,10,8 
414,1,2,1,1,10,9 
0,1,2,1,1,10,10 
0,1,2,1,1,10,11 
0,1,2,1,1,10,12 
0,1,2,1,1,10,13 
0,1,2,1,1,10,14 
0,1,2,1,1,10,15 
0,2,2,1,1,10,1 
0,2,2,1,1,10,2 
1658,2,2,1,1,10,3 
0,2,2,1,1,10,4 
0,2,2,1,1,10,5 
0,2,2,1,1,10,6 
0,2,2,1,1,10,7 
0,2,2,1,1,10,8 
0,2,2,1,1,10,9 
0,2,2,1,1,10,10 
0,2,2,1,1,10,11 
0,2,2,1,1,10,12 
0,2,2,1,1,10,13 
0,2,2,1,1,10,14 
0,2,2,1,1,10,15 
0,3,2,1,1,10,1 
0,3,2,1,1,10,2 
0,3,2,1,1,10,3 
0,3,2,1,1,10,4 
0,3,2,1,1,10,5 
0,3,2,1,1,10,6 
0,3,2,1,1,10,7 
0,3,2,1,1,10,8 
6771,3,2,1,1,10,9 
0,3,2,1,1,10,10 
0,3,2,1,1,10,11 
0,3,2,1,1,10,12 
0,3,2,1,1,10,13 
0,3,2,1,1,10,14 
0,3,2,1,1,10,15 
5387,4,2,1,1,10,1 
0,4,2,1,1,10,2 
0,4,2,1,1,10,3 
0,4,2,1,1,10,4 
0,4,2,1,1,10,5 
0,4,2,1,1,10,6 
0,4,2,1,1,10,7 
0,4,2,1,1,10,8 
0,4,2,1,1,10,9 
0,4,2,1,1,10,10 
0,4,2,1,1,10,11 
0,4,2,1,1,10,12 
0,4,2,1,1,10,13 
0,4,2,1,1,10,14 
0,4,2,1,1,10,15 
7876,5,2,1,1,10,1 
0,5,2,1,1,10,2 
0,5,2,1,1,10,3 
0,5,2,1,1,10,4 
0,5,2,1,1,10,5 
0,5,2,1,1,10,6 
0,5,2,1,1,10,7 
0,5,2,1,1,10,8 
0,5,2,1,1,10,9 
0,5,2,1,1,10,10 
0,5,2,1,1,10,11 
0,5,2,1,1,10,12 
0,5,2,1,1,10,13 
0,5,2,1,1,10,14 
0,5,2,1,1,10,15 
3597,6,2,1,1,10,1 
0,6,2,1,1,10,2 
1930,6,2,1,1,10,3 
0,6,2,1,1,10,4 
0,6,2,1,1,10,5 
0,6,2,1,1,10,6 
0,6,2,1,1,10,7 
0,6,2,1,1,10,8 
0,6,2,1,1,10,9 
0,6,2,1,1,10,10 
0,6,2,1,1,10,11 
0,6,2,1,1,10,12 
0,6,2,1,1,10,13 
0,6,2,1,1,10,14 
0,6,2,1,1,10,15 
6494,7,2,1,1,10,1 
0,7,2,1,1,10,2 
0,7,2,1,1,10,3 
0,7,2,1,1,10,4 
0,7,2,1,1,10,5 
0,7,2,1,1,10,6 
0,7,2,1,1,10,7 
0,7,2,1,1,10,8 
0,7,2,1,1,10,9 
0,7,2,1,1,10,10 
0,7,2,1,1,10,11 
0,7,2,1,1,10,12 
0,7,2,1,1,10,13 
0,7,2,1,1,10,14 
0,7,2,1,1,10,15 
0,8,2,1,1,10,1 
0,8,2,1,1,10,2 
10802,8,2,1,1,10,3 
0,8,2,1,1,10,4 
0,8,2,1,1,10,5 
0,8,2,1,1,10,6 
0,8,2,1,1,10,7 
0,8,2,1,1,10,8 
4444,8,2,1,1,10,9 
0,8,2,1,1,10,10 
0,8,2,1,1,10,11 
0,8,2,1,1,10,12 
12499,8,2,1,1,10,13 
0,8,2,1,1,10,14 
0,8,2,1,1,10,15 
9724,9,2,1,1,10,1 
0,9,2,1,1,10,2 
0,9,2,1,1,10,3 
0,9,2,1,1,10,4 
0,9,2,1,1,10,5 
0,9,2,1,1,10,6 
0,9,2,1,1,10,7 
0,9,2,1,1,10,8 
11416,9,2,1,1,10,9 
0,9,2,1,1,10,10 
0,9,2,1,1,10,11 
0,9,2,1,1,10,12 
0,9,2,1,1,10,13 
0,9,2,1,1,10,14 
0,9,2,1,1,10,15 
0,10,2,1,1,10,1 
0,10,2,1,1,10,2 
0,10,2,1,1,10,3 
0,10,2,1,1,10,4 
0,10,2,1,1,10,5 
0,10,2,1,1,10,6 
0,10,2,1,1,10,7 
0,10,2,1,1,10,8 
3178,10,2,1,1,10,9 
0,10,2,1,1,10,10 
0,10,2,1,1,10,11 
0,10,2,1,1,10,12 
0,10,2,1,1,10,13 
0,10,2,1,1,10,14 
0,10,2,1,1,10,15 
0,1,3,1,1,10,1 
0,1,3,1,1,10,2 
0,1,3,1,1,10,3 
0,1,3,1,1,10,4 
0,1,3,1,1,10,5 
0,1,3,1,1,10,6 
12988,1,3,1,1,10,7 
0,1,3,1,1,10,8 
0,1,3,1,1,10,9 
0,1,3,1,1,10,10 
0,1,3,1,1,10,11 
0,1,3,1,1,10,12 
0,1,3,1,1,10,13 
0,1,3,1,1,10,14 
0,1,3,1,1,10,15 
0,2,3,1,1,10,1 
0,2,3,1,1,10,2 
0,2,3,1,1,10,3 
0,2,3,1,1,10,4 
4006,2,3,1,1,10,5 
0,2,3,1,1,10,6 
0,2,3,1,1,10,7 
0,2,3,1,1,10,8 
0,2,3,1,1,10,9 
0,2,3,1,1,10,10 
0,2,3,1,1,10,11 
0,2,3,1,1,10,12 
0,2,3,1,1,10,13 
0,2,3,1,1,10,14 
0,2,3,1,1,10,15 
0,3,3,1,1,10,1 
0,3,3,1,1,10,2 
0,3,3,1,1,10,3 
0,3,3,1,1,10,4 
15045,3,3,1,1,10,5 
0,3,3,1,1,10,6 
0,3,3,1,1,10,7 
0,3,3,1,1,10,8 
0,3,3,1,1,10,9 
0,3,3,1,1,10,10 
0,3,3,1,1,10,11 
0,3,3,1,1,10,12 
0,3,3,1,1,10,13 
13694,3,3,1,1,10,14 
0,3,3,1,1,10,15 
0,4,3,1,1,10,1 
0,4,3,1,1,10,2 
0,4,3,1,1,10,3 
0,4,3,1,1,10,4 
0,4,3,1,1,10,5 
0,4,3,1,1,10,6 
0,4,3,1,1,10,7 
0,4,3,1,1,10,8 
0,4,3,1,1,10,9 
0,4,3,1,1,10,10 
0,4,3,1,1,10,11 
0,4,3,1,1,10,12 
0,4,3,1,1,10,13 
5942,4,3,1,1,10,14 
0,4,3,1,1,10,15 
0,5,3,1,1,10,1 
0,5,3,1,1,10,2 
0,5,3,1,1,10,3 
0,5,3,1,1,10,4 
0,5,3,1,1,10,5 
0,5,3,1,1,10,6 
1244,5,3,1,1,10,7 
0,5,3,1,1,10,8 
0,5,3,1,1,10,9 
0,5,3,1,1,10,10 
0,5,3,1,1,10,11 
0,5,3,1,1,10,12 
0,5,3,1,1,10,13 
0,5,3,1,1,10,14 
0,5,3,1,1,10,15 
0,6,3,1,1,10,1 
0,6,3,1,1,10,2 
0,6,3,1,1,10,3 
0,6,3,1,1,10,4 
0,6,3,1,1,10,5 
0,6,3,1,1,10,6 
4974,6,3,1,1,10,7 
0,6,3,1,1,10,8 
0,6,3,1,1,10,9 
0,6,3,1,1,10,10 
0,6,3,1,1,10,11 
0,6,3,1,1,10,12 
0,6,3,1,1,10,13 
0,6,3,1,1,10,14 
0,6,3,1,1,10,15 
0,7,3,1,1,10,1 
0,7,3,1,1,10,2 
0,7,3,1,1,10,3 
0,7,3,1,1,10,4 
0,7,3,1,1,10,5 
0,7,3,1,1,10,6 
0,7,3,1,1,10,7 
0,7,3,1,1,10,8 
0,7,3,1,1,10,9 
0,7,3,1,1,10,10 
0,7,3,1,1,10,11 
25000,7,3,1,1,10,12 
0,7,3,1,1,10,13 
9820,7,3,1,1,10,14 
0,7,3,1,1,10,15 
0,8,3,1,1,10,1 
0,8,3,1,1,10,2 
0,8,3,1,1,10,3 
0,8,3,1,1,10,4 
64,8,3,1,1,10,5 
0,8,3,1,1,10,6 
0,8,3,1,1,10,7 
0,8,3,1,1,10,8 
0,8,3,1,1,10,9 
0,8,3,1,1,10,10 
0,8,3,1,1,10,11 
0,8,3,1,1,10,12 
0,8,3,1,1,10,13 
0,8,3,1,1,10,14 
0,8,3,1,1,10,15 
0,9,3,1,1,10,1 
0,9,3,1,1,10,2 
0,9,3,1,1,10,3 
0,9,3,1,1,10,4 
0,9,3,1,1,10,5 
0,9,3,1,1,10,6 
12232,9,3,1,1,10,7 
0,9,3,1,1,10,8 
0,9,3,1,1,10,9 
0,9,3,1,1,10,10 
0,9,3,1,1,10,11 
0,9,3,1,1,10,12 
0,9,3,1,1,10,13 
0,9,3,1,1,10,14 
0,9,3,1,1,10,15 
0,10,3,1,1,10,1 
0,10,3,1,1,10,2 
0,10,3,1,1,10,3 
0,10,3,1,1,10,4 
6407,10,3,1,1,10,5 
0,10,3,1,1,10,6 
7310,10,3,1,1,10,7 
0,10,3,1,1,10,8 
0,10,3,1,1,10,9 
0,10,3,1,1,10,10 
0,10,3,1,1,10,11 
0,10,3,1,1,10,12 
0,10,3,1,1,10,13 
0,10,3,1,1,10,14 
0,10,3,1,1,10,15 
0,1,1,1,1,10,1 
0,1,1,1,1,10,2 
0,1,1,1,1,10,3 
0,1,1,1,1,10,4 
0,1,1,1,1,10,5 
0,1,1,1,1,10,6 
0,1,1,1,1,10,7 
0,1,1,1,1,10,8 
0,1,1,1,1,10,9 
0,1,1,1,1,10,10 
0,1,1,1,1,10,11 
0,1,1,1,1,10,12 
0,1,1,1,1,10,13 
0,1,1,1,1,10,14 
819,1,1,1,1,10,15 
0,2,1,1,1,10,1 
0,2,1,1,1,10,2 
0,2,1,1,1,10,3 
0,2,1,1,1,10,4 
0,2,1,1,1,10,5 
0,2,1,1,1,10,6 
0,2,1,1,1,10,7 
0,2,1,1,1,10,8 
0,2,1,1,1,10,9 
0,2,1,1,1,10,10 
0,2,1,1,1,10,11 
0,2,1,1,1,10,12 
0,2,1,1,1,10,13 
0,2,1,1,1,10,14 
152264,2,1,1,1,10,15 
0,3,1,1,1,10,1 
37445,3,1,1,1,10,2 
0,3,1,1,1,10,3 
0,3,1,1,1,10,4 
0,3,1,1,1,10,5 
0,3,1,1,1,10,6 
0,3,1,1,1,10,7 
0,3,1,1,1,10,8 
0,3,1,1,1,10,9 
0,3,1,1,1,10,10 
33159,3,1,1,1,10,11 
0,3,1,1,1,10,12 
0,3,1,1,1,10,13 
0,3,1,1,1,10,14 
0,3,1,1,1,10,15 
0,4,1,1,1,10,1 
4609,4,1,1,1,10,2 
0,4,1,1,1,10,3 
0,4,1,1,1,10,4 
0,4,1,1,1,10,5 
0,4,1,1,1,10,6 
0,4,1,1,1,10,7 
0,4,1,1,1,10,8 
0,4,1,1,1,10,9 
0,4,1,1,1,10,10 
13669,4,1,1,1,10,11 
0,4,1,1,1,10,12 
0,4,1,1,1,10,13 
0,4,1,1,1,10,14 
1341,4,1,1,1,10,15 
0,5,1,1,1,10,1 
21693,5,1,1,1,10,2 
0,5,1,1,1,10,3 
0,5,1,1,1,10,4 
0,5,1,1,1,10,5 
0,5,1,1,1,10,6 
0,5,1,1,1,10,7 
0,5,1,1,1,10,8 
0,5,1,1,1,10,9 
0,5,1,1,1,10,10 
0,5,1,1,1,10,11 
0,5,1,1,1,10,12 
0,5,1,1,1,10,13 
0,5,1,1,1,10,14 
0,5,1,1,1,10,15 
0,6,1,1,1,10,1 
39053,6,1,1,1,10,2 
0,6,1,1,1,10,3 
0,6,1,1,1,10,4 
0,6,1,1,1,10,5 
0,6,1,1,1,10,6 
0,6,1,1,1,10,7 
0,6,1,1,1,10,8 
0,6,1,1,1,10,9 
22570,6,1,1,1,10,10 
0,6,1,1,1,10,11 
0,6,1,1,1,10,12 
0,6,1,1,1,10,13 
0,6,1,1,1,10,14 
0,6,1,1,1,10,15 
0,7,1,1,1,10,1 
0,7,1,1,1,10,2 
0,7,1,1,1,10,3 
0,7,1,1,1,10,4 
0,7,1,1,1,10,5 
0,7,1,1,1,10,6 
0,7,1,1,1,10,7 
0,7,1,1,1,10,8 
0,7,1,1,1,10,9 
17473,7,1,1,1,10,10 
6706,7,1,1,1,10,11 
0,7,1,1,1,10,12 
0,7,1,1,1,10,13 
0,7,1,1,1,10,14 
0,7,1,1,1,10,15 
0,8,1,1,1,10,1 
0,8,1,1,1,10,2 
0,8,1,1,1,10,3 
0,8,1,1,1,10,4 
0,8,1,1,1,10,5 
0,8,1,1,1,10,6 
0,8,1,1,1,10,7 
0,8,1,1,1,10,8 
0,8,1,1,1,10,9 
0,8,1,1,1,10,10 
16786,8,1,1,1,10,11 
0,8,1,1,1,10,12 
0,8,1,1,1,10,13 
0,8,1,1,1,10,14 
0,8,1,1,1,10,15 
0,9,1,1,1,10,1 
9739,9,1,1,1,10,2 
0,9,1,1,1,10,3 
0,9,1,1,1,10,4 
0,9,1,1,1,10,5 
0,9,1,1,1,10,6 
0,9,1,1,1,10,7 
0,9,1,1,1,10,8 
0,9,1,1,1,10,9 
7200,9,1,1,1,10,10 
0,9,1,1,1,10,11 
0,9,1,1,1,10,12 
0,9,1,1,1,10,13 
0,9,1,1,1,10,14 
0,9,1,1,1,10,15 
0,10,1,1,1,10,1 
0,10,1,1,1,10,2 
0,10,1,1,1,10,3 
0,10,1,1,1,10,4 
0,10,1,1,1,10,5 
0,10,1,1,1,10,6 
0,10,1,1,1,10,7 
0,10,1,1,1,10,8 
0,10,1,1,1,10,9 
17271,10,1,1,1,10,10 
0,10,1,1,1,10,11 
0,10,1,1,1,10,12 
0,10,1,1,1,10,13 
0,10,1,1,1,10,14 
0,10,1,1,1,10,15 
0,1,2,1,1,10,1 
0,1,2,1,1,10,2 
0,1,2,1,1,10,3 
0,1,2,1,1,10,4 
0,1,2,1,1,10,5 
0,1,2,1,1,10,6 
0,1,2,1,1,10,7 
0,1,2,1,1,10,8 
414,1,2,1,1,10,9 
0,1,2,1,1,10,10 
0,1,2,1,1,10,11 
0,1,2,1,1,10,12 
0,1,2,1,1,10,13 
0,1,2,1,1,10,14 
0,1,2,1,1,10,15 
0,2,2,1,1,10,1 
0,2,2,1,1,10,2 
1658,2,2,1,1,10,3 
0,2,2,1,1,10,4 
0,2,2,1,1,10,5 
0,2,2,1,1,10,6 
0,2,2,1,1,10,7 
0,2,2,1,1,10,8 
0,2,2,1,1,10,9 
0,2,2,1,1,10,10 
0,2,2,1,1,10,11 
0,2,2,1,1,10,12 
0,2,2,1,1,10,13 
0,2,2,1,1,10,14 
0,2,2,1,1,10,15 
0,3,2,1,1,10,1 
0,3,2,1,1,10,2 
0,3,2,1,1,10,3 
0,3,2,1,1,10,4 
0,3,2,1,1,10,5 
0,3,2,1,1,10,6 
0,3,2,1,1,10,7 
0,3,2,1,1,10,8 
6771,3,2,1,1,10,9 
0,3,2,1,1,10,10 
0,3,2,1,1,10,11 
0,3,2,1,1,10,12 
0,3,2,1,1,10,13 
0,3,2,1,1,10,14 
0,3,2,1,1,10,15 
5387,4,2,1,1,10,1 
0,4,2,1,1,10,2 
0,4,2,1,1,10,3 
0,4,2,1,1,10,4 
0,4,2,1,1,10,5 
0,4,2,1,1,10,6 
0,4,2,1,1,10,7 
0,4,2,1,1,10,8 
0,4,2,1,1,10,9 
0,4,2,1,1,10,10 
0,4,2,1,1,10,11 
0,4,2,1,1,10,12 
0,4,2,1,1,10,13 
0,4,2,1,1,10,14 
0,4,2,1,1,10,15 
7876,5,2,1,1,10,1 
0,5,2,1,1,10,2 
0,5,2,1,1,10,3 
0,5,2,1,1,10,4 
0,5,2,1,1,10,5 
0,5,2,1,1,10,6 
0,5,2,1,1,10,7 
0,5,2,1,1,10,8 
0,5,2,1,1,10,9 
0,5,2,1,1,10,10 
0,5,2,1,1,10,11 
0,5,2,1,1,10,12 
0,5,2,1,1,10,13 
0,5,2,1,1,10,14 
0,5,2,1,1,10,15 
3597,6,2,1,1,10,1 
0,6,2,1,1,10,2 
1930,6,2,1,1,10,3 
0,6,2,1,1,10,4 
0,6,2,1,1,10,5 
0,6,2,1,1,10,6 
0,6,2,1,1,10,7 
0,6,2,1,1,10,8 
0,6,2,1,1,10,9 
0,6,2,1,1,10,10 
0,6,2,1,1,10,11 
0,6,2,1,1,10,12 
0,6,2,1,1,10,13 
0,6,2,1,1,10,14 
0,6,2,1,1,10,15 
6494,7,2,1,1,10,1 
0,7,2,1,1,10,2 
0,7,2,1,1,10,3 
0,7,2,1,1,10,4 
0,7,2,1,1,10,5 
0,7,2,1,1,10,6 
0,7,2,1,1,10,7 
0,7,2,1,1,10,8 
0,7,2,1,1,10,9 
0,7,2,1,1,10,10 
0,7,2,1,1,10,11 
0,7,2,1,1,10,12 
0,7,2,1,1,10,13 
0,7,2,1,1,10,14 
0,7,2,1,1,10,15 
0,8,2,1,1,10,1 
0,8,2,1,1,10,2 
10802,8,2,1,1,10,3 
0,8,2,1,1,10,4 
0,8,2,1,1,10,5 
0,8,2,1,1,10,6 
0,8,2,1,1,10,7 
0,8,2,1,1,10,8 
4444,8,2,1,1,10,9 
0,8,2,1,1,10,10 
0,8,2,1,1,10,11 
0,8,2,1,1,10,12 
12499,8,2,1,1,10,13 
0,8,2,1,1,10,14 
0,8,2,1,1,10,15 
9724,9,2,1,1,10,1 
0,9,2,1,1,10,2 
0,9,2,1,1,10,3 
0,9,2,1,1,10,4 
0,9,2,1,1,10,5 
0,9,2,1,1,10,6 
0,9,2,1,1,10,7 
0,9,2,1,1,10,8 
11416,9,2,1,1,10,9 
0,9,2,1,1,10,10 
0,9,2,1,1,10,11 
0,9,2,1,1,10,12 
0,9,2,1,1,10,13 
0,9,2,1,1,10,14 
0,9,2,1,1,10,15 
0,10,2,1,1,10,1 
0,10,2,1,1,10,2 
0,10,2,1,1,10,3 
0,10,2,1,1,10,4 
0,10,2,1,1,10,5 
0,10,2,1,1,10,6 
0,10,2,1,1,10,7 
0,10,2,1,1,10,8 
3178,10,2,1,1,10,9 
0,10,2,1,1,10,10 
0,10,2,1,1,10,11 
0,10,2,1,1,10,12 
0,10,2,1,1,10,13 
0,10,2,1,1,10,14 
0,10,2,1,1,10,15 
0,1,3,1,1,10,1 
0,1,3,1,1,10,2 
0,1,3,1,1,10,3 
0,1,3,1,1,10,4 
0,1,3,1,1,10,5 
0,1,3,1,1,10,6 
12988,1,3,1,1,10,7 
0,1,3,1,1,10,8 
0,1,3,1,1,10,9 
0,1,3,1,1,10,10 
0,1,3,1,1,10,11 
0,1,3,1,1,10,12 
0,1,3,1,1,10,13 
0,1,3,1,1,10,14 
0,1,3,1,1,10,15 
0,2,3,1,1,10,1 
0,2,3,1,1,10,2 
0,2,3,1,1,10,3 
0,2,3,1,1,10,4 
4006,2,3,1,1,10,5 
0,2,3,1,1,10,6 
0,2,3,1,1,10,7 
0,2,3,1,1,10,8 
0,2,3,1,1,10,9 
0,2,3,1,1,10,10 
0,2,3,1,1,10,11 
0,2,3,1,1,10,12 
0,2,3,1,1,10,13 
0,2,3,1,1,10,14 
0,2,3,1,1,10,15 
0,3,3,1,1,10,1 
0,3,3,1,1,10,2 
0,3,3,1,1,10,3 
0,3,3,1,1,10,4 
15045,3,3,1,1,10,5 
0,3,3,1,1,10,6 
0,3,3,1,1,10,7 
0,3,3,1,1,10,8 
0,3,3,1,1,10,9 
0,3,3,1,1,10,10 
0,3,3,1,1,10,11 
0,3,3,1,1,10,12 
0,3,3,1,1,10,13 
13694,3,3,1,1,10,14 
0,3,3,1,1,10,15 
0,4,3,1,1,10,1 
0,4,3,1,1,10,2 
0,4,3,1,1,10,3 
0,4,3,1,1,10,4 
0,4,3,1,1,10,5 
0,4,3,1,1,10,6 
0,4,3,1,1,10,7 
0,4,3,1,1,10,8 
0,4,3,1,1,10,9 
0,4,3,1,1,10,10 
0,4,3,1,1,10,11 
0,4,3,1,1,10,12 
0,4,3,1,1,10,13 
5942,4,3,1,1,10,14 
0,4,3,1,1,10,15 
0,5,3,1,1,10,1 
0,5,3,1,1,10,2 
0,5,3,1,1,10,3 
0,5,3,1,1,10,4 
0,5,3,1,1,10,5 
0,5,3,1,1,10,6 
1244,5,3,1,1,10,7 
0,5,3,1,1,10,8 
0,5,3,1,1,10,9 
0,5,3,1,1,10,10 
0,5,3,1,1,10,11 
0,5,3,1,1,10,12 
0,5,3,1,1,10,13 
0,5,3,1,1,10,14 
0,5,3,1,1,10,15 
0,6,3,1,1,10,1 
0,6,3,1,1,10,2 
0,6,3,1,1,10,3 
0,6,3,1,1,10,4 
0,6,3,1,1,10,5 
0,6,3,1,1,10,6 
4974,6,3,1,1,10,7 
0,6,3,1,1,10,8 
0,6,3,1,1,10,9 
0,6,3,1,1,10,10 
0,6,3,1,1,10,11 
0,6,3,1,1,10,12 
0,6,3,1,1,10,13 
0,6,3,1,1,10,14 
0,6,3,1,1,10,15 
0,7,3,1,1,10,1 
0,7,3,1,1,10,2 
0,7,3,1,1,10,3 
0,7,3,1,1,10,4 
0,7,3,1,1,10,5 
0,7,3,1,1,10,6 
0,7,3,1,1,10,7 
0,7,3,1,1,10,8 
0,7,3,1,1,10,9 
0,7,3,1,1,10,10 
0,7,3,1,1,10,11 
25000,7,3,1,1,10,12 
0,7,3,1,1,10,13 
9820,7,3,1,1,10,14 
0,7,3,1,1,10,15 
0,8,3,1,1,10,1 
0,8,3,1,1,10,2 
0,8,3,1,1,10,3 
0,8,3,1,1,10,4 
64,8,3,1,1,10,5 
0,8,3,1,1,10,6 
0,8,3,1,1,10,7 
0,8,3,1,1,10,8 
0,8,3,1,1,10,9 
0,8,3,1,1,10,10 
0,8,3,1,1,10,11 
0,8,3,1,1,10,12 
0,8,3,1,1,10,13 
0,8,3,1,1,10,14 
0,8,3,1,1,10,15 
0,9,3,1,1,10,1 
0,9,3,1,1,10,2 
0,9,3,1,1,10,3 
0,9,3,1,1,10,4 
0,9,3,1,1,10,5 
0,9,3,1,1,10,6 
12232,9,3,1,1,10,7 
0,9,3,1,1,10,8 
0,9,3,1,1,10,9 
0,9,3,1,1,10,10 
0,9,3,1,1,10,11 
0,9,3,1,1,10,12 
0,9,3,1,1,10,13 
0,9,3,1,1,10,14 
0,9,3,1,1,10,15 
0,10,3,1,1,10,1 
0,10,3,1,1,10,2 
0,10,3,1,1,10,3 
0,10,3,1,1,10,4 
6407,10,3,1,1,10,5 
0,10,3,1,1,10,6 
7310,10,3,1,1,10,7 
0,10,3,1,1,10,8 
0,10,3,1,1,10,9 
0,10,3,1,1,10,10 
0,10,3,1,1,10,11 
0,10,3,1,1,10,12 
0,10,3,1,1,10,13 
0,10,3,1,1,10,14 
0,10,3,1,1,10,15